0,1,2,3,4,5,6,7,8,9,10,11,12,13,14,15
0.45337364,0.3027115,-0.74159765,0.523868,-0.77539945,-0.21474828,-1.2394493,0.112686925,-0.47552502,0.078648746,-1.7978126,-0.23373635,0.050084412,0.42085308,-0.2434743,0.02891824
0.6321866,-0.74606806,-0.38953596,-0.15078583,-0.59731215,0.6520922,-0.35430345,-0.17225891,-1.1276394,0.40485257,0.230434,-0.43288487,0.29145575,-0.21426037,0.20144036,-0.32163474
0.3749551,-1.0238522,-0.3751012,0.010335509,-0.68122154,0.1627547,0.27344224,0.30379587,-0.50732684,0.60372245,0.15639636,0.48856962,0.002719241,0.4151549,1.0666652,0.6353439
0.4936336,0.406529,0.47506672,-0.8825919,0.044647828,-0.6835104,0.30854174,-0.058163244,-0.8466301,0.4208741,0.32587886,-0.6457296,0.09697424,-0.25131434,-0.5211723,-0.53995377
0.14599922,-0.6580916,0.44085622,-1.5829369,-0.20208107,0.042688277,0.3305918,-0.17628421,-1.0407387,0.5130565,-0.18629692,-0.6743364,0.037228458,-0.4755301,-0.1690332,-0.21709162
0.28527057,0.14554232,0.22169563,-0.77015984,0.2090113,0.24496269,0.18902233,0.2245086,-1.0799329,0.055552244,-0.12313278,-0.7514715,0.24264453,-0.5086224,-0.33489156,0.17007579
-0.5095285,0.7819905,0.12160781,-1.0139925,-0.112165175,-0.51212776,-0.19047317,0.27138135,-1.2028522,0.36200672,0.12397235,-0.6955607,-0.07805005,-0.20931949,-0.4215876,0.14172459
-0.37138486,0.18985948,-0.3075266,0.40108773,0.42174345,0.36315107,-0.2966876,0.43577382,0.43720087,0.27510452,-0.11712648,0.09401275,-0.86327237,-0.2928657,0.47105697,0.86008006
0.037362568,1.1906661,0.23157683,0.3323823,-0.999509,-0.15888767,0.08216028,0.008029118,-0.97914517,-0.873693,-0.05175265,0.047986858,-0.04645709,-0.05237885,-0.2806841,0.4693513
0.61815834,0.03308168,-0.24612315,1.0384846,-1.0215605,-0.47115824,0.15238658,0.06404607,-0.9328402,-1.5971797,-0.007650248,-0.53012586,-0.27147707,-0.22060646,-0.12049863,-0.22764233
0.13981937,-0.08679362,-0.3538049,-0.020648599,0.09561458,-0.6827297,-0.41561985,0.88120353,0.09327325,-0.81223816,-0.58228374,-0.25853032,-0.16978222,-0.85971344,-0.117657036,0.41308248
-0.21750079,-0.02963268,-0.45109373,1.051762,-0.005784385,-0.61560977,-0.096111044,0.043095298,-0.32362217,0.4097203,-0.029274177,-0.13238014,-0.3401822,0.28892547,1.1594898,0.2788309
0.10677854,0.12762149,-0.11006005,1.0467623,0.043686222,-0.49709472,0.284292,-0.0713816,-0.3711293,1.0316741,-0.05949467,0.10888514,-0.32273567,0.15645304,1.0383356,0.35343614
-0.037421,0.3778891,0.07284519,0.7282746,0.2050144,-0.635231,-0.29040653,-0.21603477,-0.060648933,0.40938574,-0.49239233,-0.013082229,-0.32971662,0.54722154,0.8385545,-1.091648
0.51926434,0.30703366,0.2724944,-0.2041185,1.1326154,0.2842147,0.43433884,-0.56943005,-0.06282438,-0.18117556,-0.055381656,0.051054105,0.60590965,0.07519012,0.5170359,-0.15895115
0.6291652,0.43395856,0.31474927,-0.33446515,1.3753697,0.11071845,0.11110817,-0.940264,-0.24998115,-0.06488113,0.6634466,0.39598793,0.48092777,-0.0023087412,0.5655959,0.22819908
0.8813853,0.1962918,0.54303384,0.24679786,0.9720794,-0.13300939,-0.45755997,-0.084145755,0.05935479,-0.7221993,-0.45902622,0.8302156,0.41108483,-0.21943977,0.0768879,-0.00038291747
0.3200426,0.13130967,0.255229,-0.49133357,1.3310964,-0.23207964,-0.24641146,-1.072256,0.06994116,-0.20676354,0.030951977,1.0092224,0.91728693,-0.14428213,-0.5190315,0.1638608
0.25878572,-0.5124158,-0.3198369,0.108461015,1.1606779,0.29099533,-0.1143011,-0.88460714,0.0045400336,-0.63067824,0.38007355,1.051818,0.56827176,-0.57610136,-0.7086171,0.08162426
0.48238558,-1.1060821,-0.40297532,-0.89835805,-0.5379309,0.19060504,-0.1219251,0.08860421,-0.5650112,0.43484545,0.42083243,0.30228674,-0.12752381,0.4710157,0.46771622,0.20100339
0.5725601,-0.9950007,-0.03604746,-0.62489647,-1.1717012,-0.6444152,0.003385894,-0.21100356,0.71446294,0.82601035,0.079379134,0.7127654,0.26090068,-0.51019365,0.52167356,-0.012287572
-0.26147303,-0.33421788,0.25781265,0.18755086,-0.0053786635,-1.0871303,0.01194492,0.10868275,-0.32858118,-0.7951015,0.7296507,-0.06491558,-0.9467621,0.02308467,-0.39825797,-0.7134551
0.9796678,1.0343571,-0.042945288,0.05738377,-0.0064334944,0.8397468,0.32400376,0.520958,0.6500226,0.10172574,0.05479976,0.6918332,-0.41671753,-0.28290612,0.040083185,-0.12542059
0.66838324,0.6802769,0.41733423,0.1931754,0.2884733,0.9216475,-0.3309102,0.35642272,0.6591441,-0.058617033,-0.15719268,0.57577395,-0.49703363,-0.5927605,0.16357633,-0.1816073
0.73904157,0.33510205,-0.08071212,0.15259477,0.36858368,0.86973065,-0.20044981,0.6084775,0.57584655,-0.09902653,0.025331153,0.3368719,-0.9551846,-0.19763419,0.08906935,0.32564458
0.2917854,-0.042079218,0.092358544,0.014764136,0.54325664,0.9999682,0.54575676,0.6721477,1.1631942,-0.42104688,-0.6008344,0.46151888,-0.5961836,-0.5556653,-0.060309507,0.43823817
0.7094528,1.0489534,0.032138005,0.013572589,-0.03128616,0.40082976,-0.3808146,0.22162054,0.34812388,0.056764457,-0.3887112,0.71307325,-0.28796738,-0.23840375,0.10027368,0.3598928
0.1654521,-0.12246893,-0.038773328,-0.3622265,0.26489836,-0.47438675,-0.8026525,0.24603684,0.27391666,-1.172238,-0.52540195,0.39652097,-0.42781347,0.7559688,0.19975795,0.28558856
0.4748037,0.5145239,-0.4346842,-0.14689288,-0.17281944,-0.97217214,-0.082483955,0.50909716,-0.009185724,-1.4145092,-0.19838399,0.65148455,-0.35182792,1.0840702,0.3996622,0.4698189
-0.10284251,-0.17309022,-0.058633186,-0.4286244,0.33498722,-0.10354674,-0.18552525,0.8411472,0.26799846,-0.9514227,-0.2328893,0.18760622,-0.14030516,0.6797065,0.2914042,0.2836781
0.11151153,-0.6357378,0.04827056,-0.0033971816,0.49999893,0.023162734,-0.22593528,0.30887753,0.85345715,-1.2951119,-0.13171485,0.5502775,-0.8410114,0.54580724,0.43188146,0.1437522
0.5852811,-0.04826538,0.5031416,-0.31868446,0.24494237,0.81621337,-0.299439,0.25719297,0.6256705,-0.34196115,0.61008084,-0.16591468,-0.73858,-0.37034857,0.21349402,-0.6247987
-0.61084616,-0.81652534,-0.041202947,0.2837131,0.14985313,-0.06511687,0.14853187,-1.1662332,-0.021601439,0.06617505,-0.02370248,1.0825399,0.47692287,-0.33702832,-0.70912445,-0.040215563
0.3721982,0.0069453083,0.049150657,-0.14486735,0.3294832,0.39432693,0.1691331,0.8441745,0.7073748,-0.35790557,-0.39060706,0.16394785,-0.9158521,-0.28722858,0.019725606,-0.51893663
-0.05035647,-0.90730715,0.9823046,0.05964215,0.761369,-0.1809726,0.12521385,-0.074897215,0.65886533,-0.31179383,0.35961324,-0.57130927,-1.1671448,-0.2812609,0.19962382,0.2996258
0.20360869,-0.47154367,0.36118835,0.10069114,0.861149,0.8671124,-0.15183564,0.45288655,0.81645566,-0.6333956,-0.02967862,0.01681681,-0.9136085,-0.09062725,-0.17124283,-0.2283422
0.56677836,0.227366,-0.6342542,0.06818082,0.15577552,-0.0058007836,0.09883813,-0.29718435,0.30649668,0.84820795,0.58654416,-0.5941987,-0.7613757,0.7147114,-0.47768837,-0.105378434
0.017712131,-0.4273944,-0.32848567,0.72904676,-0.60521686,-0.12714335,0.047759626,0.028492942,-0.39489734,0.53053015,0.35193902,-0.09227806,-0.23902278,0.65330625,0.9734373,0.664244
0.03553114,0.09230605,-0.26891547,0.8951082,0.50422657,-0.9086305,0.54152685,-0.4135017,-0.36012802,0.9434887,-0.16106534,-0.23881936,-0.5912739,0.36885017,1.1243362,0.49507254
0.15260735,0.014593527,-1.1223161,0.60429484,-0.47072768,-0.03214714,-0.20767273,-0.14064153,0.087200895,0.84797,-0.3051999,-0.05807931,-0.49918893,1.1085757,0.86277956,0.10294843
0.058813483,-0.040972576,-0.9870183,0.29087597,0.067150265,-0.16086492,0.40487134,-0.6691019,-0.27970913,0.34323344,0.048725694,0.04622245,-0.4086905,0.69654626,0.21185859,-0.15572022
-0.20721239,0.3210272,-0.42578593,0.6753914,0.23485497,-0.09104513,-0.19387396,-0.8662299,-0.30955818,0.51289076,0.29547924,-0.42576605,-0.3008625,0.46195257,1.057637,0.02125028
-0.24339211,0.7322974,-0.5514889,0.19036153,0.58609974,0.028103516,0.3428449,-1.0086606,-0.62734824,0.5112455,0.090760626,-0.13229744,-0.39497706,-0.009743676,1.1043615,-0.31591675
-0.59332085,0.33987492,-0.9272295,0.38922268,0.41485828,0.19244194,-0.036496118,-1.751352,-0.27178332,-0.0966126,-0.13648625,0.41948387,-0.31006798,-0.1507728,0.3228428,-0.024051815
0.5055602,-1.1702979,0.2689111,-1.3517464,-0.5286598,-0.2230124,-0.068886414,-0.09292911,-0.4111049,0.7271046,-0.2437135,-0.14478476,0.13816865,-0.33391696,0.4314633,0.009476349
0.15453008,-0.5701075,0.15276338,-0.95836407,-0.66197455,-0.19676922,0.32768628,-0.3704299,-0.35082963,0.65662766,0.06603568,-0.40420178,0.2043412,-0.6732902,0.10230852,-0.25838637
0.012247562,-0.8410802,0.03545959,-0.059256837,0.21625078,-0.23359443,-0.09206965,0.45305288,0.47642154,-0.875817,0.34479347,0.26785064,-0.9044488,0.4477418,0.5977512,-0.05817347
0.86516374,0.9912824,0.015796855,-0.8510964,-0.3525708,0.11687155,-0.13147317,0.043081902,0.27305904,0.75218165,0.64705443,-0.25704142,-0.34033883,-0.4336153,-0.54843324,-0.5515851
0.72076476,-0.17020342,0.4646346,-0.84717554,-0.9769039,-0.53467464,0.15506582,0.20607243,0.6002272,0.61996394,0.9731492,0.15154707,0.11932823,0.17900142,0.4891045,0.013301082
0.7947178,-0.11153501,0.28868306,-0.738465,-1.035388,-0.5526222,-0.30977398,-0.08462004,0.6966072,0.583568,-0.44594195,0.47056395,-0.01064859,-0.25531206,0.36890677,0.25667495
0.014476761,0.23182571,0.00970015,0.62197,0.20086394,0.92894614,-0.039808568,0.26904935,0.4956172,1.06921,0.28664753,-0.617744,-1.0828633,0.20638165,-0.7628105,0.078106426
0.28252345,-0.0653886,0.41357484,-1.2740695,0.25344384,-0.47800657,0.44580075,-0.52766925,-0.71306473,0.811357,-0.1288769,-0.80205816,0.084991336,-0.9536576,-0.8181435,-0.44710547
0.30870938,-0.11265528,-0.48766074,-0.19974044,-0.056352105,-0.78216755,0.47229925,0.092929766,0.20196722,-1.4077781,0.030841261,0.20097099,-0.28724256,1.3707751,0.09668645,-0.48660752
0.35126325,-0.6287028,-0.056022674,-0.3023698,0.41451925,-0.62803423,-0.0571644,0.1314661,-0.025261313,-1.173181,0.356816,0.032496363,-0.7647955,0.3430391,0.13802312,-0.039361916
0.33414736,-0.45483837,-0.13003023,0.080298424,0.15734656,-1.1956302,-0.46142614,-0.0297613,-0.19416115,-0.929476,-0.2558194,-0.53528154,-0.79330456,-0.031369668,0.39283976,-0.5009068
0.43182564,0.7797072,-0.23722143,0.09028524,-0.6855225,-0.74449116,0.16159007,0.07021023,-0.6599153,-1.421394,-0.018554404,0.17010109,-0.19262841,0.5946301,-0.19800684,0.37111163
0.12536785,0.6291718,-0.07940029,-0.36056274,-0.28540125,-0.65683997,-0.17678677,0.18969397,-0.09478154,-0.72209406,0.17996407,0.6864932,-0.31118584,0.6209363,0.16633138,-0.3572218
-0.5258453,0.13477282,-1.0448501,0.34492138,0.022275928,0.3587131,0.18245913,-1.4283993,-0.20034128,0.41868246,0.19521257,-0.0030862987,-0.61677545,0.27904922,0.39838266,-0.14083958
-0.36164874,-0.23123732,1.3083894,0.906181,0.43965405,0.20870471,0.28828746,-0.21373895,0.43661067,0.5175834,-0.0014875457,-0.22418392,-0.8301108,0.0026532654,-0.6046515,-0.22415857
-0.10735127,-0.724458,0.58981466,-0.44092733,0.47074288,-0.29056013,-1.4246975,-0.898777,0.51742196,0.42718828,0.63822085,1.2513543,0.038119957,0.016032591,1.080814,-0.6012484
0.4175467,-0.35793817,0.18586433,-0.4491037,-1.1689895,-0.37298813,0.1387513,0.14716887,0.54310113,0.57033813,-0.16140224,0.7603307,0.3031921,-0.161003,0.35486212,0.57888496
-0.26262343,-0.03624922,-0.7552918,0.08848344,0.017149508,0.19372752,0.55764014,-1.2675754,0.33214346,-0.46617532,-0.3460617,0.108013384,-0.12873992,0.14600533,0.24312618,-0.37845427
-0.20247985,0.38439834,-0.21671176,-0.020352207,0.7313628,-0.094445676,0.2129686,-1.2286396,-0.32697213,-0.23612991,0.016191177,0.29694283,-0.05131246,-0.28096536,0.6758356,0.1864517
0.12068497,-0.915559,-0.08780365,-0.3720588,0.4162692,-1.6393219,-0.28947163,0.07595472,0.15343983,-1.7439784,0.6380683,-0.2604959,-1.1721967,0.28226054,0.16328219,-0.1889403
0.46808824,0.29229036,-0.3241092,-0.590721,-0.7818117,-0.6596185,-0.33989263,0.14361216,0.2760385,0.58293885,-0.435035,0.3490573,-0.19444713,0.34769,0.67351097,0.11103775
0.39180064,0.3506914,-0.8671583,-0.102406256,-0.11219016,-1.0708392,-0.5088259,0.10537538,-0.2027048,-1.2108781,0.19169953,-0.023882255,-0.28883964,1.0791199,-0.2878742,-0.589229
0.31375527,-0.11821169,-0.40059447,-0.20741716,0.22935222,-0.6391906,0.118597314,-0.2538026,-0.32860288,-0.7470406,-0.19616935,-0.15282552,-0.23323877,0.2711606,-0.06634257,-0.2103677
0.46950066,-0.35429075,-0.19617194,-0.049437553,-0.27089453,-1.0273608,0.2122078,0.10223461,-0.34620315,-1.3787891,0.06297216,-0.5565523,-0.8963648,0.16033928,0.20863086,-0.09425908
-0.2564677,-0.74248046,0.12199519,0.061264724,0.5230057,-1.2060732,-0.20805162,0.0039774496,0.2856135,-1.0570085,0.11045287,-0.2225906,-1.0350032,0.046025604,0.0060396343,0.17846261
0.2695853,-0.11650565,-0.4181614,0.0129917,-0.28489363,-1.1457535,0.56504464,-0.04018186,-0.6476581,-1.3081129,-0.03741005,-0.37814948,-0.5067219,0.3566354,-0.27686483,-0.6583121
-0.039253496,-0.6778089,0.78727216,0.1729613,0.61112714,-0.93161166,-0.32157826,-0.030400768,0.15002888,-0.6052056,0.20811945,-0.315198,-0.76474047,-0.5165227,0.52041495,-0.27183327
0.04363142,-0.7775045,0.28382587,-0.2879199,0.4159367,-1.3789037,0.0030744895,-0.023949098,0.12062081,-1.0428059,0.21898901,-0.31650418,-0.87233645,0.08273638,0.22969806,0.0007392168
0.032990698,0.18384382,-0.66033715,1.0395665,-0.32158232,-0.21672115,0.3259093,-0.32553467,-0.2702782,0.83090395,-0.18158036,-0.03441046,-0.3467918,0.14112109,1.0023987,-0.12320682
-0.0636682,0.3465049,-0.66665655,0.19506338,-0.8598086,-0.08119337,-0.1994297,-0.37428907,-0.25645566,0.030786663,-0.21126533,-0.5003242,-0.7444099,0.3927502,0.35424653,-0.112812534
-0.22157297,0.68050826,-0.8455103,0.013583869,0.3169526,-0.088972904,0.16230127,-0.91758937,-0.31088296,0.41652665,-0.21596178,-0.17278656,-0.26946986,-0.08221859,0.7911882,0.2033771
0.35139167,-0.7752833,-0.06691666,-0.10480949,-0.49499568,-0.23700708,0.36031538,-0.55225766,0.43062067,0.3509853,-0.11128383,0.7378839,0.16128625,-0.34688228,-0.26255378,-0.54585814
-0.26924744,0.90606105,-0.6486855,0.31108668,0.727092,-0.2210047,-0.114185035,-1.1723444,-0.27827048,0.3416013,-0.1412906,-0.098775074,-0.28961188,0.005737871,0.26776904,0.3335334
-0.000424847,0.44279313,-0.33254603,-0.21258159,0.22043234,-0.10524058,0.32522824,-1.072275,-0.1237421,-0.19054377,0.50846654,0.69570464,-0.19130743,-0.31724852,0.79091406,0.53499174
-0.24736726,0.36582324,-0.01894322,0.0018093432,0.6337007,0.49031866,-0.3964988,-0.7424007,0.07866801,0.054277234,-0.8225992,0.41812432,-0.11613288,-0.4116324,-0.2317836,0.9165047
0.6213215,-0.97454524,0.4723883,-0.83376896,-0.8742738,-0.31145895,-0.15208085,-0.10797744,0.28807706,0.31390202,-0.01573971,0.1306822,0.27894485,-0.39337945,0.6552447,0.5493974
0.17774662,0.37446612,-0.2756994,0.09067498,0.3579433,0.03571,-0.0903922,-0.3552912,0.15123877,-0.019819453,0.21146026,0.298354,-0.38385415,-0.22505859,0.4612723,0.6992402
-0.16120434,0.5600138,-0.49559075,0.5629506,0.41439906,-0.61927414,0.08841709,-0.52790385,-0.33993715,0.58575493,0.055750187,-0.30494463,-0.36685556,0.32036906,0.9838475,-1.0968978
-0.034007456,0.092137195,0.15962596,0.45232052,0.3603363,-0.771117,0.42545903,0.09181222,0.34914854,-0.46838006,-0.90851605,-0.090490885,-0.0452801,0.72295696,1.3875582,0.09630102
0.09901576,-0.48088008,0.10163954,0.029848948,0.5683227,0.21654919,0.1765632,-1.4153383,0.38302866,-0.23315684,-0.1030619,0.8398312,0.7914893,-0.8413474,-0.39450657,-0.16811313
-0.14557663,0.22179069,0.006343305,-0.37095726,0.6712573,0.0050225332,0.06919387,-0.42026567,0.101333626,0.03775546,0.82370806,0.34689647,0.6222801,-0.51090485,-0.13380232,-0.08424165
0.27311045,0.3587078,0.01153627,-0.59601426,1.386514,0.18777177,0.40557396,-1.0585787,-0.35620594,-0.2631115,0.25222966,0.7271701,0.66337055,-0.4559864,0.1367776,0.19501284
0.57977843,0.63051105,0.093345955,-0.3877959,1.1812683,0.08783385,0.4511237,-0.7264902,-0.1921553,-0.30759168,0.3430348,0.30641925,0.5621222,-0.00019932166,0.48268616,0.13163719
0.18656553,-0.30404806,0.34356993,0.1642292,0.32840094,0.33098108,0.3199353,-0.9755876,-0.3855263,0.0248456,-0.19865316,-0.24999788,-0.06272575,0.8557039,-0.07557899,-0.45216554
0.24536033,0.5943917,-0.010891885,-0.35469273,0.98815334,0.09161627,0.3649572,-0.7638591,-0.4158218,-0.0055230707,-0.117918245,0.18968242,0.055922583,0.11359222,0.12305492,-0.08257944
0.1115315,0.3959427,0.11489092,-0.41346252,0.96164834,0.30372077,-0.0867043,-0.81544334,-0.10841787,-0.36505824,-0.37603763,0.31325948,0.3034553,-0.42934924,0.6771804,-0.0017874283
0.2535404,0.3424904,-0.14614238,-0.56795335,0.48626074,0.31246233,0.30294505,-1.2492137,-0.54728115,0.085084766,0.17326722,0.3513962,0.14389825,-0.53101325,0.088430464,0.15771535
-0.3748454,0.20239675,-0.8358266,0.18547015,0.5600494,-0.09571828,0.41747868,-1.6781876,-0.160822,-0.33408004,0.16816826,0.89544713,-0.06461943,-0.39832535,0.05300331,0.05688648
-0.069657944,0.08368586,-0.9855232,0.35687673,-0.36400548,0.23963073,-0.30189574,-0.38132077,-0.3148303,0.67162275,0.114587806,-0.29081237,-0.539083,1.2667153,-0.07096031,0.48617494
-0.11560686,-0.74459064,0.8904722,-0.051563412,0.5154005,0.13784616,0.60729384,0.03335138,0.8183521,0.13870677,0.7731692,-0.32854947,-0.99178,-0.17372896,-0.3668015,-0.2582277
0.49662134,-1.1782846,-0.41441324,-0.2212403,-1.0342231,-1.0494103,-0.22030282,-0.16912016,0.011211082,-0.0034370571,0.74060965,0.7986123,-1.1757537,0.72448677,0.45750344,-0.9548181
-0.22333878,-0.47610977,0.19183078,-0.20511235,0.20897156,0.09741016,0.9120152,-0.25858825,-0.22861099,0.19053483,-0.93876654,0.3756265,0.13858238,-0.5841056,0.33422872,-0.6812612
0.039289244,0.46700242,-0.4518301,-0.13430461,0.88572615,0.33221975,0.49835676,-1.2391837,-0.12195954,-0.046316966,-0.58677167,0.136136,0.1364745,-0.09340707,0.7958278,-0.081166804
0.6214845,-1.0520211,-0.47460812,-0.3604571,-1.160044,-0.22095776,0.12960812,-0.13646829,0.16965243,1.1004813,-0.4892502,0.4608285,-0.27341563,0.4109494,0.81831735,0.0796165
0.9725276,-0.39706963,-0.3411761,-0.6109088,-1.3530188,-0.4566558,-0.23957038,-0.098919526,0.6170658,1.259606,-0.09285393,0.3386028,0.03322857,0.381929,0.48448786,-0.061809827
0.7776861,-0.6579979,-0.40864795,-0.5280425,-1.0370164,-0.39736682,0.035607122,-0.39200497,0.6103744,0.60408187,0.02431814,0.33919978,-0.004449129,0.2044608,0.33513066,-0.1940364
1.0209334,0.92491597,-0.33716285,-0.3171059,-0.44840097,0.4546132,-0.014146291,-0.18802765,0.38524413,1.023077,-0.055654176,-0.16547382,-0.8798891,-0.0949954,-0.5244168,-0.1664401
1.0273687,0.53844154,-0.7060765,0.2344577,-0.2583587,0.9342164,0.07403642,0.09202721,0.46914592,0.6380549,0.13716823,-0.4403821,-1.2370642,0.44459412,-0.75059295,-0.3069827
1.5153263,0.011589365,-0.75022227,0.13178061,-0.62330866,-0.1644886,-0.53851366,0.6736396,-0.86395025,0.16078085,-0.574842,0.998998,-0.49486881,0.6584529,0.44040132,0.30960807
-0.22730431,-0.14898407,0.33475995,-0.26415166,-0.41127276,-0.39543822,-0.7537533,0.45040557,0.13143173,-0.32982704,-0.2683057,-0.25671676,-1.2545403,0.011794042,-0.63571024,-0.62969005
0.117655866,-0.7531148,-0.11225044,0.07167469,-0.018707415,-1.6794431,-0.015591893,-0.009858109,-0.46526587,-1.6686386,0.79102826,-0.6012194,-1.060336,0.24470371,0.14699768,-0.12474601
0.061728373,-0.118827954,-0.22797549,0.24920571,-0.1626299,-1.1173567,-0.4173807,0.26394925,-0.5547351,-1.2352456,0.5482119,-0.016103342,-0.98548543,0.58941084,0.40004525,0.27996156
-0.14884245,-0.46041507,-1.0625727,0.24989843,0.19126095,-0.12223777,-0.3104008,-1.3205941,0.052015457,-0.41502982,0.46269074,0.41012698,-0.21270713,-0.4064331,-0.43384346,0.8755597
0.30649725,0.22272938,-0.28112692,0.26234487,-0.48203573,-0.7020583,-0.049666908,0.20075358,-0.4372142,-1.3409323,0.2750552,-0.37291002,-0.387854,-0.015151843,0.3555224,-0.13970676
0.6677085,-0.37150496,-0.47187352,0.57888085,-0.5663145,-0.8669179,-0.10109982,0.23499423,-0.74022233,-1.7088363,0.3447948,-0.64792037,-0.5109516,-0.28568256,0.060557127,-0.019147761
0.3783289,-0.6327283,-0.28878462,0.52363867,-0.5273095,-0.33614063,0.21070206,0.21183112,-0.5647784,-1.0648485,0.42206454,-0.45936275,-0.78815615,-0.22215343,-0.33456856,0.20396577
0.68599033,0.17504746,0.054318003,-0.21922886,0.6286299,0.7598244,0.19876271,0.6393733,0.75087625,-0.22761455,0.041383933,0.5564124,-0.6145253,-0.40388188,-0.039818496,-0.07977604
0.24296468,-0.3821509,0.5194799,-0.08058663,0.6375436,0.8669722,-0.18036246,-0.081755966,0.94564295,-0.25565523,0.17695038,-0.17942345,-1.1670144,-0.3724905,-0.14751899,-0.5160211
0.40758198,1.121377,0.3521479,-0.29129136,-0.10459161,-0.14671122,0.09413808,0.4622771,-0.050967082,-0.14429495,-0.0010581166,0.6299819,-0.24040952,-0.46337092,-0.21905722,0.2951424
0.14244299,-0.18687287,-0.22404738,0.019564763,0.86220396,0.26077282,-0.20958075,0.59617066,0.973611,-1.0025674,-0.12162549,0.3992738,-0.68634754,0.21734452,0.09223912,0.5449788
0.5224972,0.7202997,-0.022222929,-1.10598,-0.3174328,-0.10075775,1.2208127,0.15670913,-0.072646946,0.7198168,-0.62694836,-0.22099142,-0.87253803,-0.1768203,-0.29119903,0.3248285
0.22363397,-0.4039495,0.15924323,-0.7247342,-0.7608176,-0.57316524,-0.5681911,-0.39651412,0.49506575,0.5350193,0.3193444,0.17041066,0.50104475,-0.7353239,-0.025686815,0.123053566
-0.05207517,-0.47443563,1.1373223,0.42509314,0.6764059,0.5510845,0.23897345,-0.2574845,0.8542687,-0.031033173,0.14265044,-0.48678407,-0.9797372,-0.23412883,-0.2564569,-0.161112
0.42186573,0.21534069,0.23271123,0.5177091,0.6778227,1.3022988,0.22800216,0.22690466,0.5359299,0.19311301,0.084425345,0.22423561,-0.96204716,-0.17223701,-0.2841209,0.22825022
0.17950293,0.35584003,-0.36814117,0.051307455,0.4693631,1.199651,0.006977848,0.28496885,0.35581475,0.055112243,0.26162794,-0.03788528,-0.64061946,-0.50138557,-0.5076443,-0.42029768
0.47327316,-0.19932318,-0.26890838,-0.25569496,-0.18634316,0.7064383,0.33781597,-0.0012224913,0.7590208,0.123903945,1.6092845,-0.010366544,-0.53311896,0.31498408,0.38500115,0.62566674
0.8548122,1.0904142,-0.29168737,-0.11040297,0.1397316,0.78758615,-0.09739395,0.23987618,0.75388825,0.7493122,-0.18771407,0.0009532664,-0.71146524,-0.21575803,-0.644408,0.30131558
0.2905598,0.81150687,-0.2360777,-0.40764192,-0.1372506,0.47018966,-0.5601664,-0.04110785,0.5048472,0.4342717,0.17962864,0.36131456,-0.58232915,0.10637906,-0.16274297,-0.23869722
0.43521896,1.2561477,0.14681011,-0.48362833,-0.55921584,-0.45708293,0.06058485,0.20493159,-0.6412172,-0.04083233,-0.27973595,-0.3780946,-0.299657,-0.6085448,-0.74656653,0.36535478
-0.21825169,-0.2060678,0.70314,0.6269237,0.33861077,1.1219078,-0.060158044,-0.022536699,0.83471113,0.31613195,-0.17303824,-0.51428527,-1.7521652,-0.25419068,-0.5898308,-0.037232533
0.3407107,-0.3782903,0.45803398,-0.3896801,0.13900915,0.10065159,-0.181523,0.8819207,0.44866413,-0.4110765,0.49799657,-0.047112487,-0.49702665,-0.5958856,-0.15848555,0.11872834
0.30312344,-0.7587817,0.63570005,-0.871791,-0.31778046,-0.51548,0.11967683,-0.5622974,-0.47426057,0.6919014,0.45375285,0.53017455,0.2684455,-0.0016362518,0.5641996,0.5156421
0.6740095,0.6450271,-0.25531587,-0.4053629,-0.85167485,-0.2746266,0.4294744,0.063216984,0.50828856,1.2774022,0.10927345,-0.2444177,-0.56214094,-0.16079333,-0.24589291,0.31437802
0.25092936,-0.2207903,0.7094133,0.39273095,0.62959695,-0.8756348,-0.19580433,-0.23591524,0.01277855,-0.25307626,0.24978861,-0.27310193,-0.99151576,-0.5150859,0.33796892,-0.8325954
0.9597981,1.4702791,0.03887431,-0.53226596,-0.54250014,0.044626698,-0.26660898,0.17854992,0.07265406,0.5200057,0.02364001,0.11187193,-0.3661251,0.18198028,-0.49667993,0.47234488
0.9975389,0.2908801,-0.029752493,-0.684128,-0.92477125,-0.5279737,-0.5019262,-0.32140592,0.7406378,1.1005957,0.08504152,0.05582449,-0.36153734,0.16858448,-0.174113,-0.34302285
0.40500513,-0.1287247,-0.18241806,-0.019371506,0.21116804,0.4306121,0.5044414,-0.097080916,0.8302262,-0.8916502,0.18394248,0.5443884,-0.6108913,-0.09380141,-0.12557812,0.060885042
0.5385435,-0.21562125,0.18753207,-1.2908286,-0.96736234,-0.9244875,-0.2814869,-0.44386387,0.3298093,0.7574921,-0.0060244873,0.26152417,0.19773698,-0.7193899,0.035804793,-0.11847106
0.028296381,-0.41604418,0.75424445,0.29460475,0.52872133,0.15360428,-0.13541834,0.27397156,0.19388449,0.34339103,0.08637799,0.0068148375,-1.057328,0.17496097,-0.32696795,0.5159198
0.66097176,0.35586452,0.27097327,0.15334392,-0.18743247,-0.32572004,-0.4686604,-0.23573774,0.42733005,-0.08920268,-0.9580466,0.2339866,-0.31319675,-0.6745628,0.26269838,-0.8969766
0.39330155,-0.1706515,0.33484986,-1.1135526,-0.6190962,-0.72159636,-0.58096254,-0.32537198,0.01583971,0.56932974,0.21613452,-0.24582765,-0.025098365,-0.8219723,-0.35467127,0.18353753
-1.2189478,-0.4860478,0.55144197,0.7740208,-0.27061248,-0.10262846,-0.26487705,-0.94582677,0.21946649,0.52493364,-0.49681747,0.0009221211,-0.8834357,0.24901472,-0.9995942,0.3115837
-0.5186295,-0.37730145,0.94590145,0.37322706,-0.20921338,0.0043241335,0.55207425,-0.47927475,0.38067782,0.30670443,0.00313849,0.034129865,-0.56778085,0.46378246,-0.4655248,-0.08070423
-0.4825877,-0.72488594,1.4285233,0.46385196,0.6003414,0.13881595,0.09331461,-0.26432732,0.37348062,0.34069973,-0.07757242,-0.44334784,-1.2358378,-0.106635466,-0.22838907,0.29014876
-0.5787965,-0.5028117,0.6356927,0.7356903,-0.10734619,0.071591444,-0.59924054,-0.57595646,0.24191345,0.9247766,-0.20430917,-0.13144548,-1.0267525,0.19714409,-1.046179,-0.33789814
-0.5138519,-0.7901624,0.8623663,0.18431342,0.89535576,-0.84334606,-0.46437347,0.33871073,0.22424395,-0.64127785,0.051654935,-0.22594538,-0.931353,-0.36769852,-0.36736292,-0.23763768
-0.7828119,-0.90281594,0.18484908,0.52484614,-0.38023755,-0.343085,0.096035436,-1.0818101,0.21029463,0.1297065,-0.053352624,1.0857596,0.13488506,-0.20510772,-1.050758,0.38994366
0.22667651,-0.7746924,-0.3754608,-0.51209426,-0.06865001,-0.26419568,0.06885091,0.13807735,-0.9099857,-0.24870679,-0.9104425,0.25850305,0.12064028,0.57111275,0.6836511,-0.6377471
0.83964217,0.29077512,0.051591307,-0.14314134,-1.0335219,-0.23367718,-0.07471844,-0.13762799,0.55618036,0.8323773,0.21811225,0.08999574,-0.24859402,0.018016845,-0.8091812,-0.14023761
0.32746094,-0.7638256,0.6967036,0.04825241,0.71678275,0.22208956,0.028650511,0.4391873,0.77364373,-0.5772157,0.48197842,-0.17564152,-1.2928748,-0.29040214,-0.021084778,-0.5499276
0.3999325,0.44713962,0.26449358,0.11997953,0.11767475,0.22856861,0.31873545,0.3241265,0.83836067,0.13177395,0.5610347,0.33597144,-0.38446516,-0.08332364,0.17528784,0.88278675
0.8504673,0.5955114,-0.12876065,0.17523478,-0.03710431,0.47397557,-0.24273315,0.3307751,0.43887815,-0.40724087,0.372438,0.19656166,-0.39757115,-0.66980696,0.10416154,-0.007475141
0.11654019,0.54514384,-0.27548373,-0.015537672,0.2585033,-0.17114481,-0.20245792,-0.80295455,0.31988934,-0.114137314,0.036427528,0.3339293,0.06645334,-0.3449327,0.28897184,0.4313609
-0.7176084,0.06424837,0.6606805,0.7192672,0.16104501,0.40219033,-0.33085716,-0.060783498,0.25172243,0.73228055,-0.3406768,0.1803886,-1.3325435,-0.40474632,-0.6502671,0.4280465
-0.6914435,-0.75017136,0.21109524,0.24821582,-0.02484876,-0.034730375,-0.11260831,-0.44423628,0.5389252,0.007618889,-0.78741074,0.9859774,0.14890112,-0.053709306,-1.1177477,-0.89103067
-0.8524058,-0.04961887,0.27637124,-0.21059349,-0.018345237,0.6801054,0.02330333,-0.0067942142,-0.10218929,-0.09639694,0.4736794,-0.05075726,-0.19861743,0.12955253,-0.9257361,0.8316791
-0.9845013,-0.5413885,0.5739362,0.6346028,0.11026865,-0.35896578,-0.5639695,-0.556424,0.2322895,0.75283134,-0.5768837,0.45200032,-0.3478163,0.1647831,-0.570241,0.78015506
0.26099843,-0.1326219,-0.31786492,0.8498136,-0.89636266,-0.30331346,0.30340463,0.1557421,-0.66667897,-1.4634873,0.33545554,-0.27500013,-0.23210137,-0.6472076,-0.049989957,0.012041979
0.13551523,-0.2729219,0.06446871,0.17418872,-0.28248066,0.6193908,-0.7566304,-0.73763585,0.7901539,-0.26041934,-0.30187857,0.31906274,0.23728234,0.52850175,-0.5006232,0.66394234
-0.06122455,-0.3285877,-0.04677449,0.15402474,0.16024029,-0.37570354,-0.19274114,-0.28479347,0.55708,0.041477993,0.90659606,0.3368542,0.38413817,-0.18496493,0.11778635,0.2968138
0.65870994,0.2987234,0.003781356,0.035976294,-0.18924981,0.44117865,0.62930274,0.37858045,0.7184962,0.026693303,0.74816746,0.43018147,-0.012801215,-0.15633261,0.1327897,0.23238386
0.027758434,0.220898,-0.21821673,-0.57858706,0.13074204,0.08564231,-0.03916577,0.26184466,0.10216282,-0.14051296,0.31637466,0.46248746,-0.2872812,0.061923284,0.13185337,0.8201405
0.022526475,-0.8409425,0.46419019,0.0026592687,0.661181,-0.2557627,0.27800342,0.3384865,0.5522926,-0.6232891,-0.006091431,-0.00531964,-1.1133428,-0.0455243,0.07922509,0.11974098
-0.056503803,0.15218702,-0.06743761,-0.046971742,0.29079962,-0.20689204,0.18285133,0.49130708,0.50153,-0.39826208,0.045997098,0.4995175,-0.37808755,0.9417454,-0.32038406,0.75167096
0.5050223,0.13845806,-0.3031293,0.010713272,0.562334,-0.67324364,0.37212184,-0.67543364,0.3366238,0.28356874,-0.0070465654,0.56954265,0.29558396,0.14362523,0.30678618,-0.068748794
0.31146473,-0.077965476,-0.18273553,-0.20412427,0.36693138,-0.3508777,-0.8153598,0.10159236,-0.13770783,-1.1190649,-0.3172938,0.02382797,-0.6078501,0.55134106,0.49979982,0.030075818
0.049220324,-0.5300496,0.0054792166,-0.24034554,0.164486,-0.30253407,-0.36672077,0.14597632,0.8101817,-1.0396647,-0.16002947,0.4383824,-0.7010017,0.6200489,0.39016283,-0.08394796
0.7413429,-0.21594669,0.27884638,-0.3638842,0.34608644,-0.28467596,0.24775307,0.24126157,0.6991526,-0.8245573,0.40273088,0.58640057,-0.5872914,0.8071785,-0.10265683,-0.28777257
-0.1647798,-0.9870627,-0.16247916,0.0031974893,0.5485168,-0.6792545,-0.24775903,0.12071702,0.19763756,-0.47018605,-0.0146472305,-0.65990746,-0.61662817,-0.33629084,-0.5389936,-0.17949007
-0.062534794,0.27578017,0.009277161,0.41194043,0.34245136,0.2145742,0.3585017,0.8979116,1.5857651,-0.73045695,-0.010731519,0.82818836,0.047033608,-0.4562359,0.5403413,0.22991918
0.4184994,-1.078315,-0.2936091,0.6488592,-0.37493727,-0.013375588,0.37921304,0.2837798,-0.34078106,0.65578043,-0.48938623,0.73958397,-0.12547894,0.3561051,0.83762217,-0.18242396
0.60685235,-0.38427612,-0.9484099,0.021281604,-0.957838,-0.10195363,-0.07091569,-0.27888638,0.15790533,0.9659165,0.20243114,0.04629015,-0.57572633,1.3452222,0.44478405,0.0005305633
0.5887092,-0.65165323,-0.07959439,-0.7186055,-0.9942516,-0.6702954,0.18634559,-0.4346376,0.5324075,0.65915143,0.21621598,0.45810097,0.102392524,-0.2947087,0.55724394,-0.28519893
0.5604757,-0.60536706,-0.6941076,0.5162578,-0.7396843,-0.36018908,-0.2524354,0.061061397,-0.07098386,0.930378,0.11296846,0.23848613,-0.39881265,0.98195183,1.1441822,0.19429989
-0.15212254,1.1877446,0.08232464,-0.17133781,-0.4265462,-0.46205992,0.16889574,0.06711958,-0.80688596,-0.59455526,-0.36612898,-0.14308803,0.04482907,0.15557206,-0.3486651,-0.026755176
-1.166005,-0.6009516,0.29568058,0.7931256,-0.36029983,-0.081928775,-0.16134354,-1.2461774,0.10721126,0.49964535,-0.068131834,0.40031853,-0.5366611,0.18362075,-0.9372682,-0.12566179
-0.98816395,-0.60066223,0.25574076,0.5422472,-0.50410765,-0.19735146,0.29807112,-0.8601219,-0.29235488,0.10755594,-0.10455687,0.7389176,-0.18604982,-0.62721306,-1.0869977,0.30373448
-0.50027156,-0.7868762,-0.1839213,0.13104454,-0.5032096,-0.013341591,0.01890704,-0.6576094,0.12171145,-0.20053,-0.043923546,1.1435342,0.44683623,-0.15580213,-1.2000061,0.09596034
-0.474406,-0.68052554,0.9682366,0.7846496,-0.011375569,0.5000635,0.18422592,0.2177471,0.33766925,0.6780367,-0.41065717,-0.27423555,-1.1210448,0.33172816,-0.6962997,-0.24996951
-0.342645,-0.16084355,0.06030482,0.26999646,0.18316382,-0.29496744,-0.56608945,0.1625838,0.28969577,-0.045105487,-1.1844298,0.3394069,-0.44701806,0.3381217,-0.69653684,0.4197272
0.41824332,0.48378652,-0.21708111,-1.168187,-0.2543443,-0.35082823,0.051551428,-0.44156474,0.08607268,0.5145094,-0.32233694,-0.12681673,-0.011821523,-0.36248264,-0.61383253,0.2975116
-0.2721071,-0.70366395,-0.26174188,0.23351787,-0.24668925,0.13353868,0.33525822,-0.47234237,0.26598206,-0.1308668,0.34038004,1.0756226,0.78315294,0.13937947,-1.633762,-0.20732531
-0.6830684,-0.726707,0.0131908655,0.28887406,-0.06549063,0.1737482,0.20219657,-0.51505095,0.031788617,0.16361639,0.44761422,0.18997654,0.20750728,0.5720133,-0.78929496,-0.4742838
-0.46352038,-0.5407828,1.3318491,0.5859719,0.06434308,0.14044349,0.8386303,-0.090439186,0.45947587,0.4553992,0.08940856,-0.3821565,-1.1008748,-0.083832085,-0.6439584,0.7818562
-0.38108134,0.10109678,-0.18903461,-0.26745856,0.93805194,0.64256763,0.18863209,-0.78034306,0.11209653,0.13347293,0.16280991,0.22853135,-0.008375019,0.7650428,0.88311994,-0.08964653
0.36501122,0.58781356,0.046681456,-0.4138889,1.143385,0.120612115,0.3575053,-0.97547853,-0.24033856,-0.062041163,-0.12504971,0.39284033,0.34676492,-0.26648036,0.8586178,0.08136206
0.09164396,0.3870738,0.08286509,-0.6293829,1.1340199,0.18787177,0.037811033,-1.1671636,0.03075169,-0.24271238,-0.13383031,0.55941164,0.1941146,-0.31768578,0.4154298,-0.39610434
-0.27958816,0.15049477,-0.38800818,-0.19507185,0.50342166,0.40302417,0.34266374,-1.1658955,0.13500717,-0.2981308,0.017720181,0.53820324,0.3958276,-0.81148875,0.23064457,-0.008423616
-0.28764188,-0.24122629,-0.51672244,-0.2017501,0.5668913,0.1336224,0.12448628,-1.5670412,-0.02648805,0.17493668,0.094773665,0.92294586,0.42829746,-0.8410275,-0.2720791,0.06365775
-0.3476019,0.67908293,-0.53757876,0.30346555,0.4491175,-0.108781636,0.51581043,-1.2184683,-0.55271596,0.2755346,0.4389924,-0.03913148,-0.1968776,-0.22924605,0.9812728,-0.321045
-0.48436028,0.29228938,-0.788018,0.60079026,0.45503438,-0.091238715,-0.5789137,-0.8850763,-0.43868065,0.20777413,0.34225786,-0.046848655,-0.036637723,0.25005907,0.6086541,-0.062476374
-0.57606596,0.1652917,-0.8397196,-0.0023757815,-0.342332,-0.18763971,-0.50396144,-0.973395,-0.24164,0.4233093,0.5432147,-0.015410744,-0.39950645,0.30984968,0.59433126,-0.35968015
-0.66517425,0.40445054,-1.0278838,0.49194038,-0.0120200515,0.6359017,-0.10518852,-1.0278342,0.21125618,0.5762274,-0.06787186,-0.08421506,-0.57077104,1.325526,-0.06339277,-0.0487058
-0.6012894,0.018571563,0.20789821,0.5335586,0.00020683277,0.57833445,-0.22800894,-0.68729085,0.36136258,0.86272556,-0.40242517,-0.62885696,-1.5988276,0.89404523,-0.92659694,-0.20277953
0.31024447,1.222308,-0.15641348,-0.7921001,-0.34917462,-0.5236286,0.07179168,0.3027134,-0.1372269,0.22559449,-0.366855,-0.38686472,0.117069036,-0.4886514,-0.63275826,0.2071967
0.57550836,0.93612784,0.077382594,0.016369373,-0.72479343,-0.50016993,0.037246242,0.0066841245,-0.26234657,-0.4921499,0.031173661,0.375113,-0.27925572,0.6867545,-0.2692879,0.4518035
0.18940556,0.93270403,0.12366864,-0.55668765,-0.47625065,-0.27828315,0.036441535,0.35803074,0.13491797,-0.64470005,-0.046931393,0.65358037,-0.37328726,0.14818434,0.09050268,0.9091047
0.84399605,0.021633983,-0.39121902,-0.017396443,0.60011536,-0.32607853,-0.19104439,-0.7848594,-0.4280873,0.48005888,-0.96995366,0.29104766,-0.44697952,-0.14109598,0.7404325,-0.116041794
-0.41257477,0.3306899,0.25160062,0.7554573,-0.042046394,-0.15612407,0.02329562,-0.53223044,0.46255875,0.41727272,-0.17392497,-0.2059156,-1.1129373,0.2996871,-0.8805742,0.60575074
0.4209511,1.4691508,-0.21777572,-0.30212113,-0.8163254,-0.5563407,0.05993116,0.34097123,-0.8472938,-0.65854865,0.12693556,-0.113380514,-0.5477929,-0.042081296,-0.30165896,-0.100099266
-0.62767506,-0.7578969,-0.28106526,0.28322777,0.019044284,-0.2713973,0.08774809,-1.1186888,-0.10748779,-0.35318005,0.50857586,1.0152112,-0.16424383,-0.6012435,-0.68605703,-0.34198844
-0.45047778,0.40838963,1.0733109,-1.1809708,0.12893924,-0.23675562,0.4648465,-0.40796682,-1.1131653,0.4990814,0.17023051,-0.64596736,-0.017679278,-0.79857624,-0.399809,0.3753026
0.16825293,0.879199,0.46823654,-0.99565685,-0.084258944,-0.65193665,-0.4386059,-0.12940478,-0.5802828,0.12964272,-0.37404037,-0.6603875,-0.09219903,-0.40548173,-0.79857063,-0.13206662
0.007949144,0.95206136,0.6002058,-1.028514,0.12608981,-0.020283788,0.09869821,0.03416705,-1.0442855,0.35530582,-0.15315735,-0.35026678,-0.4741611,-0.07950829,-0.5578904,-0.030524481
0.1743164,0.2271336,0.2318704,-0.8377276,-0.21275179,-0.37423003,-0.2507393,-0.095212445,0.23806064,0.79975843,1.0154111,-0.6085216,0.27344635,-0.5141865,-0.37056196,-0.3866348
-0.27987164,-0.63265294,-0.22761217,0.24954736,-0.14005855,-0.04326208,0.60380054,-0.80567664,0.028631672,-0.35875565,0.019483969,1.1571767,0.8447865,-0.059580497,-1.2565494,-0.20031497
-0.45908815,-0.30760938,-0.07058394,0.12929638,0.28636754,-0.3447371,-0.44244304,-0.47040924,-0.289582,-0.16218066,-0.21411985,0.63596725,0.6924133,-0.16597289,-1.2984487,-0.39154088
-0.2946844,-0.50927496,-0.36640075,0.35137266,-0.0047116727,-0.39308286,0.016171403,-1.2272811,-0.043233104,-0.21145572,-0.52914846,1.1020145,0.629264,-0.9564756,-0.8696036,-0.0826996
-0.7176315,-0.018125914,-0.4939989,0.33597565,0.13628425,0.5614062,-0.059422538,-1.3338794,-0.3460347,0.34849817,-0.43810436,0.09755497,-0.44061708,0.5332478,-0.1847299,-0.21533774
0.81850827,0.14795913,-0.39294893,-0.12783542,-1.1165686,-0.12919609,-0.17809261,-0.12422627,0.6704688,1.055011,-0.6160254,0.24644628,-0.33020392,0.5918648,-0.29914123,0.036764987
-0.8308434,-0.373397,-0.60132515,0.3326054,0.3607258,0.19864585,-0.5255971,-1.3066877,-0.14661975,0.13828143,0.21024963,0.45147318,-0.17060746,-0.006374866,-0.2818866,0.17797604
0.13978015,0.12198958,-0.42995936,0.48742384,-0.32990742,0.8568985,0.41071433,-0.62122166,0.63198066,0.7980105,-0.29912728,-0.692662,-1.235798,0.89099276,-0.94226015,-0.0017855614
0.38884544,0.22271001,-0.70816255,0.1858555,-0.411374,0.2560083,0.1759238,-0.34243032,-0.045081824,0.7535303,0.28965473,-0.15494761,-0.42696086,1.3543613,-0.29572627,-0.25865245
-0.061727434,-0.022145048,-0.31377125,0.16703624,0.10728958,0.4601297,-0.21368444,-0.6558629,0.22573745,0.92794895,-0.43442774,-0.26920775,-1.2027041,0.7429121,-0.49971685,-0.020055853
-0.16100013,-0.19932923,-0.36194476,0.08259268,0.18884096,0.11061645,0.5392941,-0.37064233,0.37944564,-0.34278876,0.26374227,0.69189703,0.8455727,-0.22762996,-0.8356865,-0.5301163
0.8873022,0.18230185,-0.1740636,-0.6917466,-1.0229651,-0.7662854,-0.16596983,-0.19798954,0.55756795,1.017473,-0.29697213,0.13554402,0.16526891,-0.10223168,-0.3351065,-0.0314947
-1.017486,-0.05479744,-0.07944369,0.6081517,-0.23917994,-0.13050708,0.1024304,-1.2650914,-0.17903778,-0.050433904,0.35873953,0.7092372,-0.30735147,0.12115052,-0.4977833,-0.706823
-0.6893597,-0.762658,-0.19645983,0.3834238,-0.30254224,0.055164594,-0.1899458,-1.1792126,0.38661927,-0.11402199,0.33309302,0.91125077,-0.19652718,-0.32565665,-0.9519187,0.022153806
-0.48310724,0.0990728,-0.67596185,0.5232732,0.4496519,0.6011977,0.021297485,-1.3155715,0.0828547,0.5370437,-0.3284183,-0.45626265,-0.7640573,0.75211066,-0.6119136,-0.09854166
-1.0064993,-0.6812488,0.9840946,0.508921,-0.12661465,0.6581784,0.9284978,-0.33098775,0.21745804,0.50779814,-0.74479026,-0.4641564,-1.0819707,0.15649822,-0.43301508,1.0341423
-1.0270365,-0.080633625,-0.36502126,0.6944544,-0.28086233,0.20009677,-0.23182283,-1.2277222,0.13932273,0.6015918,-0.012927897,0.07602659,-1.1976172,0.5042677,-0.9826097,-0.19992618
-0.64828753,-0.36170456,0.9526883,0.5989665,-0.20157626,0.11939096,0.34011918,-0.10870573,0.27360865,0.61621356,-0.06390931,-0.2943334,-1.134951,0.14766258,-0.78523207,-0.37480992
9.228289e-05,0.17315483,-0.667057,0.09705959,-0.60664445,-0.17594895,0.20114887,-0.6163402,0.15332344,0.76130056,-0.41278273,-0.5760346,-0.95826674,0.5976505,-0.40911472,0.12485494
0.49865878,0.6860736,0.1912578,-0.80638534,-0.5345276,-0.118588895,-0.36320782,-0.22531903,-0.029500954,1.1418242,-0.11095853,-0.3389166,-0.24739186,-0.20649442,-0.19842996,-0.0046909563
0.47619638,-0.7293884,0.24712208,-0.78112257,-0.83129203,-0.33831173,0.36415872,-0.14494568,0.39146525,0.5755416,-0.23042782,0.33560237,0.15306745,-0.21948859,0.37645742,-0.115218654
0.39651436,-0.44301343,0.02097027,-0.4664485,-0.62041414,-0.01123479,-0.5190072,0.04304214,0.33303216,0.43081266,-0.35828674,0.17180377,-0.08954847,0.024729341,0.5056644,-0.10394119
0.66751546,-0.8248728,0.26474667,-1.3413359,-1.0134271,-0.8428798,-0.05757104,-0.32210013,0.10851367,0.8330513,-0.00489752,0.20247439,0.1850707,-0.78289205,0.27748853,-0.004187137
0.56041193,0.7415066,-0.30747044,-0.1570195,-0.4291403,-1.1074812,0.023403298,0.45387834,-0.2076945,-1.4887794,-0.2548185,0.7686942,-0.39428473,0.85209495,0.11932505,0.060452104
0.5009084,-0.034511603,-0.23364805,-0.24608094,-0.27363515,-0.9508325,-0.062192217,0.40275562,0.044677507,-1.3901482,-0.66851103,0.004511416,-0.5245202,0.7836401,0.39380825,0.11688851
0.11322519,-0.34616828,-0.7061833,-0.3924992,0.021716714,-0.5473862,-0.15028629,0.22766787,0.42456982,-1.191184,-0.54864097,0.02933234,-0.75913334,1.1069014,0.054467544,0.32265207
-0.15014997,-0.38406435,-0.30585742,-0.68466544,-0.13241252,-0.09161055,-0.64299405,-0.142528,0.718917,-1.0698713,-1.1718761,0.08361457,-0.40315014,0.5362193,-0.076684475,0.030168701
-0.01808536,-0.28401336,-0.12078047,-0.20179296,0.7429352,0.010851376,-0.09442319,0.40963987,0.8433074,-0.7618923,0.1183496,0.44772178,-0.6498332,0.23741408,-0.16616318,0.5576622
0.6631371,-0.10919994,0.18509051,-0.2513989,0.7305428,1.1166006,0.44147366,0.58667207,1.1851351,-0.95852286,0.11017531,0.66721565,-1.0748683,-0.19781975,0.3141762,-0.4471067
-0.13575757,-0.6685218,1.232672,0.48117852,0.31111285,-0.18238719,0.24222691,0.24139033,0.8234143,0.11648916,0.49147663,-0.3306618,-1.1891562,-0.33323225,0.09846827,-0.09801701
0.7303344,0.3134201,0.24181826,-0.022109635,0.44042468,1.3337594,-0.014971528,0.2461427,0.83715576,-0.10255433,0.3737706,0.382844,-0.6517574,-0.6540252,0.043486424,-0.17929842
0.6974336,0.5643958,-0.06613702,0.16534342,0.20203537,1.3980318,-0.13918218,0.23931204,1.0519782,0.12492045,0.35154706,0.1690222,-0.920818,-0.42565423,0.038203843,0.07296191
1.0340558,1.2657639,-0.07950858,0.077950194,0.22625476,1.1778547,0.07167537,0.4945875,0.889715,0.5523935,0.044182148,0.17874756,-0.9186118,-0.41664016,-0.19253966,0.16128126
0.5334374,1.1577989,0.11951646,-0.0931607,-0.004186541,0.83408916,0.13456878,0.4788703,0.31488,-0.015724659,0.02211516,0.50019616,-0.541571,-0.56323946,-0.23924011,-0.45470694
0.9266322,1.5520933,0.064917184,-0.4959896,-0.15862754,0.3046798,-0.35059905,0.608486,0.34498757,0.30235335,-0.041788794,0.28755045,-0.42179087,-0.20003809,-0.27123454,0.49805018
0.7120609,1.1596007,0.44788677,-0.20471516,-0.46078336,-0.20005953,-0.5649806,0.27946278,0.37943327,-0.018078145,-0.51678264,-0.05937594,-0.30606884,-0.13919485,-0.14451313,-0.11197482
0.17922604,-0.59773743,0.9333871,0.23416151,0.0064346194,-0.34844393,0.2975025,-0.2303475,0.4474744,0.1810863,0.41251984,-0.45455575,-0.6958277,-0.65758455,0.12879086,-0.07133113
0.25260207,-0.22860609,-0.034365624,-0.19636953,-0.99314463,-0.515296,-0.42083505,-0.36742637,-0.26444662,-0.1458033,-0.45042777,0.5693985,-0.14057842,0.13348985,-0.0105616,0.40731367
0.60762286,0.5591665,0.62905866,-1.2681066,-0.32243094,-0.60252947,-0.011766445,-0.4269993,-0.69494087,0.8026179,0.121138185,-0.57124364,0.1376317,-0.6476645,-0.48015955,-0.1142864
0.6876715,-1.2180841,-0.045483455,-1.043664,-0.827983,-0.22278823,-0.023487084,-0.35096237,-0.14525132,0.60386693,0.134339,0.3783815,0.2788741,0.049310744,0.57812524,-0.3603118
0.5901265,-0.5921143,-0.5594092,-0.18590239,-0.19489199,-0.33498466,0.092864215,-0.16482896,-0.45933297,0.70081675,0.5330313,0.3294573,0.066746056,0.18697934,0.009236723,-0.20023978
-0.20818311,-0.4576426,-0.7180952,-0.43666956,-0.835273,-0.06741899,0.047177713,-0.3486351,0.3193039,0.46041772,0.1222395,-0.2689281,0.22579838,0.23493432,0.014452696,0.8245349
0.6077304,-0.108181804,0.114335045,-0.5060037,-0.8785919,-0.6887276,0.16950384,-0.18303299,0.96960616,0.6989667,0.4523813,0.40103957,0.22870979,-0.39989448,0.32926595,-0.13670734
0.18444452,-0.68094045,-0.19167699,-0.37847444,-0.22574234,-0.3902618,-0.3570363,-0.10348493,-0.33957168,0.64795405,-0.23906721,0.49855506,-0.1177082,-0.7173871,0.40704274,-0.30965996
0.45919606,-0.5027203,-0.27984226,-0.20192167,-0.53969353,-0.43863285,0.11377834,0.55908537,0.091606855,0.40858576,-0.6993229,0.5534987,0.78499466,0.06505846,0.582218,-0.3302844
0.4101069,0.72322184,0.074800044,-0.09413227,-0.08193532,0.102241874,0.8196,0.0029737055,0.31206387,-0.35349,-0.36932924,0.5474809,-0.35237792,-0.6635736,0.24577887,0.4526257
0.43230242,1.459462,-0.051462427,-0.1750933,-0.43200558,-0.48295346,0.0033945292,0.527424,-0.17767839,-0.40673745,-0.0046970285,0.5061881,-0.35085455,-0.078377426,-0.024414428,0.10538666
0.72427636,1.4840741,0.27733392,-0.7217549,-0.35513413,-0.44468054,0.0022161677,0.06478487,-0.2772041,0.2519249,0.3361594,0.24368335,-0.035992473,-0.5757281,-0.4619323,0.1796394
1.0063077,-0.6555933,-0.112544715,0.20005721,0.14006555,0.10688374,0.14264415,0.46382722,0.7105908,-0.55321854,-1.2227421,-0.4871918,-0.56531614,-0.17340213,0.77309406,-0.55940604
0.6661153,-0.40216798,0.105014786,-0.10441354,0.6858222,0.5263271,0.0018317439,0.6705419,1.0154843,-0.9852252,-0.011939228,0.6535057,-1.0027105,0.31422824,0.2401562,-0.210534
-0.23559058,0.37745014,0.3997288,-0.9856499,-0.14723243,-0.06648554,0.00880314,0.082372285,-0.820083,0.17750666,-0.0069738664,-0.53585714,-0.2834388,-0.040422916,-0.38834265,-0.5140191
-0.048944235,-0.48228025,0.048491195,-0.021257527,0.503983,0.6595464,-0.1854971,0.08748204,0.81614214,-0.4887231,-0.520616,0.1775959,0.77708614,0.5671861,-0.5916119,1.4848992
-0.115796916,-1.2396536,-0.17624974,-0.8164316,0.09112163,1.062316,0.14772296,0.5516662,-1.0060747,0.27395022,0.1556677,0.15479775,-0.039817937,0.61492157,0.5799007,0.40467364
0.27486205,0.1303547,0.290227,0.41347694,-0.25704184,0.2590045,0.08387151,0.14028803,0.087555245,-0.05668576,-0.620744,-0.40427756,0.68949234,0.09728643,0.29475784,0.8407954
-1.3952336,0.48766527,0.2542739,-0.3474265,-0.35586384,-0.3045554,0.32852495,0.405778,0.8535108,0.17076623,0.06373626,0.5161665,0.27131215,-0.036487814,0.19726753,-0.2612801
-1.2281513,0.4984066,0.32746547,-0.2934649,-0.2635191,-0.20176513,0.031403728,0.28684536,1.127406,-0.030869108,0.28844106,0.29114604,0.58254457,0.15522696,0.8487195,0.7888126
-0.89913934,0.107815,0.6774367,-0.30192176,-0.13317557,0.024816781,-0.1867364,0.42461985,0.75809056,0.069340095,-0.29756632,0.057498813,0.4459782,0.5294522,0.13759944,0.1587592
-0.77995116,0.21789171,0.60050523,-0.50024146,-0.036210738,0.0078006536,-0.38536254,0.330275,1.088792,-0.17818932,0.32439458,-0.17486227,0.7304074,0.6780404,0.3337461,-0.123134054
-1.1594746,0.81663364,0.37781417,-0.015140578,-0.68890977,-0.23546202,0.1160741,0.63845503,0.25486013,-0.081227615,-0.11387351,0.81705683,-0.16423243,0.055347178,0.305852,-0.18826509
0.10025488,-0.12212865,0.42241722,0.5310117,-1.0526916,0.99329275,-0.048319556,-0.06533636,0.08668694,-0.3285067,0.16517545,-0.047956914,0.69104606,0.86038685,0.09545522,-0.02820836
0.08930569,0.11777792,0.6238996,0.84834415,-1.3392267,0.57242167,-0.24141338,0.0034770146,-0.27334172,-0.6299573,-0.03170286,0.03776739,0.6543463,0.37114,0.044715784,0.05448751
-0.30367914,-0.32574368,0.34356377,0.3266446,-0.61110985,0.2399711,-0.36147022,-0.66569424,0.15511823,-0.31037787,0.35038316,-0.5293902,0.57782567,0.8830999,0.13385448,-0.12631272
-0.22527173,0.0010711933,0.58948255,0.06169731,-0.69054127,0.65029633,-0.2365866,-0.36007285,0.6064397,-0.40918612,-0.11777434,-0.7228657,1.3087668,0.9476379,0.23605597,-0.22338831
-0.8248686,-0.08720422,0.47992408,-0.28607386,-0.30118468,-0.06496051,-0.08908673,0.36833042,0.84090054,-0.109529026,-0.13249612,-0.49429718,0.50490606,0.2275798,0.034493178,-0.87751216
0.65109277,-0.56737316,-0.51331544,0.30661628,0.2350401,-0.057863284,0.09261563,-0.1849167,0.1190534,-0.4774136,0.1598892,0.79707277,0.6639079,0.2495996,-1.4376029,0.39196044
-0.23871234,0.16156034,-0.4081894,-0.50405645,-0.08289986,0.005444482,-0.17224373,-0.33940154,1.2106636,0.35524687,0.41609496,-0.13392955,0.7934787,0.38299635,0.5642395,0.012280541
0.016538918,0.024673231,-0.114103526,-0.28272426,0.091063544,0.29695904,0.53407806,-0.64268893,0.92420024,-0.37385437,-0.25858855,-1.613009,0.876024,-0.057182297,0.5165044,-0.045794208
-0.4315293,0.044585057,0.10490027,0.08821954,-0.21619594,0.19663528,0.12102382,-0.56264895,0.96994025,-0.0009960383,-0.18721214,-0.90269184,0.5265993,1.006353,-0.16867384,-0.27842486
-0.96379155,-0.18610635,-0.84001416,0.3312807,0.20726916,-0.78043437,-0.1548672,0.72357273,0.18621977,-0.0016044378,-0.05526699,0.2882935,0.5045934,-0.94006836,0.18137637,-0.009204941
0.23358563,-0.44548285,-0.17961459,0.63474214,-0.041954234,-0.21599363,-0.24293742,0.064081416,-0.7000056,0.64401567,0.29040867,0.29000023,-0.12788814,-0.4563439,1.2565672,-0.42693138
0.012084536,0.20061015,0.57971716,1.0675212,0.259843,-0.8374935,0.36685744,0.22553891,-0.2272951,0.786134,-0.60067904,0.0102484,-0.087904945,-0.14680248,0.9005147,-0.45137537
0.033399,-0.31295192,-0.52786964,1.095412,0.02476529,-0.4022942,0.13177355,0.80297184,-0.46596214,0.6717498,-0.045392066,0.38415423,0.063612945,-0.33210546,0.86077774,0.17359865
-0.114810675,-0.18393889,-0.122191824,1.4500786,0.09340113,-0.23533854,-0.14530152,1.2547503,0.13873303,0.6371733,0.25770462,0.10946798,0.053236976,-0.5287211,0.31496483,0.09637936
-0.106864095,-0.03931115,0.4582228,1.080605,0.27993467,-0.8147079,0.05852829,0.34445372,-0.2283042,0.9295783,0.1310823,-0.07565905,0.2487418,-0.23749693,0.698899,-0.23376791
0.29761457,0.16653621,0.9158482,1.1592176,0.4940625,-0.67338014,-0.11302006,0.39786157,-0.71791774,0.7431165,-0.48644453,0.05912824,0.2978434,-0.042429484,0.43930972,-0.14605176
0.9601889,-0.17826037,0.14217305,0.9735024,0.7485427,-0.24559496,0.08695729,1.0261195,-0.27092734,0.5476247,0.11142784,0.121395946,1.1681293,0.26300737,-0.99312246,-0.0023219734
0.18635213,-1.3081263,0.21265912,-1.4201556,-0.21928734,0.7255083,-0.25951573,0.10787754,-1.034814,0.47016734,-0.25665912,-0.12208821,-0.021894949,0.30601907,0.3763015,0.40041274
0.037848957,-0.45920742,0.40829366,-1.0192204,-0.3038594,0.45033664,0.22891083,-0.01606876,-0.74227744,0.5637417,-0.2495996,-0.22242662,0.09146243,-0.065353066,0.16540289,0.047965363
-0.11801934,0.054195628,0.31304336,0.1870535,-0.45223176,0.56170034,-0.036717974,-0.23892471,0.68744606,-0.4993312,0.031224921,-1.1411684,0.82734865,0.047091454,-0.075409085,0.23932388
-1.2420036,0.39021957,0.1568097,-0.41355464,-0.042482946,0.31123075,-0.07665795,0.84624124,-0.64031726,-0.19369192,-0.44989172,0.41547,0.07224522,-0.1057643,0.30253115,0.09268513
-0.64198005,-0.6670568,0.0934084,-0.59874254,0.035172224,0.569,0.2582555,0.4905713,-0.70658153,-0.17083344,0.28214434,0.2402567,-0.18313728,-0.0102647245,0.5730442,-0.35994577
-0.47826645,0.013887793,0.49790016,-0.2933429,0.3262569,0.65069634,-0.1633949,0.46380842,-0.60063547,-0.069999695,-0.4190125,0.32140917,-0.22422048,-0.119877845,0.40489632,-0.29122525
-1.1887178,0.29967925,-1.1131248,0.20192736,0.41811147,-0.6952605,0.5258579,0.56775963,1.0082458,0.26948035,-0.5325171,-0.5073135,0.47410297,-0.45902503,0.19021365,0.46287882
-0.35314074,-0.09651422,0.3846233,-1.3018286,0.09898366,0.244407,0.56298715,0.07995983,-1.0862134,0.61790466,-0.10893213,-0.87233025,0.066763245,-0.38069332,-0.20937058,0.024699539
0.2463305,-0.35346925,0.30358702,0.5356667,-0.96619964,0.8988017,-0.3312258,-0.17023385,-0.10935642,-0.66531545,-0.12132521,-0.81445426,0.63665813,-0.18293333,0.2534638,0.006728947
0.38547018,0.016004942,0.62663287,0.36815885,-0.6585578,0.76891553,-0.024808634,-0.355569,0.14310277,-0.50739586,-0.27397275,-1.0202658,0.93685514,0.315036,0.28059104,-0.19162416
0.4364709,-1.0723168,0.22588564,0.29775974,-0.26425737,0.98604405,-0.30858082,-0.6883538,-0.408168,-0.38841382,-0.5115253,-0.45438087,0.30227774,-0.56502324,0.30927637,0.051782396
0.07300214,0.5784309,0.12551436,0.4905013,-1.0344565,0.15484203,-0.18101865,0.004493922,-0.8314452,-0.8567476,-0.13879268,-0.0672757,0.23811032,0.23048085,-0.22547963,-0.19376424
-0.0514644,0.35268238,0.6620267,0.57715905,-0.98167604,0.18481529,0.214288,0.07578355,-0.41214842,-0.6197758,0.45044354,0.2876476,0.40306345,0.27404955,-0.17436986,-0.14743239
0.34273523,-0.24468508,0.062431738,1.0357229,0.288923,-0.5981534,0.060077265,1.0484706,-0.48024815,0.69061106,-0.4060741,0.2514584,0.8228877,-0.20270771,-0.37943995,-0.003185518
0.10174385,0.24202886,-1.0830623,0.014177874,0.23658071,-0.03925672,0.49284378,0.1127581,0.14910889,-0.10539334,0.028739229,-1.0336525,0.17107226,-0.47701347,-0.30647224,-0.17105234
-0.3574831,-0.3346194,-0.10507452,-0.1542165,0.1524528,0.95177364,-0.29775083,0.7385204,-0.9474966,0.16237754,-0.5679157,-0.1882665,0.43521255,0.38215128,0.5603399,0.78341436
-0.15131561,-1.0037979,-0.21406741,-0.54920936,0.34487808,1.0838591,-0.33610687,0.7237805,-0.91996294,0.1801582,-0.4373458,0.03676647,-0.2237113,0.32468894,0.61624306,0.060456753
0.3615849,0.20625097,0.5217404,0.5761961,0.5221963,0.052752584,0.035616703,0.062409222,0.01346232,0.36739343,-0.14182483,0.20544419,0.5862494,-0.18532044,-0.41766748,0.2392323
0.5932706,0.4079366,1.0254978,0.56635964,0.9173035,-0.32545966,0.44863752,0.17297202,-0.44277966,0.56275,0.0051002866,-0.09771431,0.49706328,0.2091583,-0.010725446,-0.3015183
0.4902688,-0.2822478,0.20402426,0.7561759,-1.0314999,1.0109413,-0.11363285,-0.5385702,0.08861107,-0.80407876,-0.23838682,-1.3623161,0.9388236,-0.96589434,0.37695038,0.017144635
-0.5953222,-0.43524608,-0.112360865,-0.20726174,0.19923618,0.5194755,-0.02999705,0.48348004,-0.93881047,0.2564639,-0.015234515,0.47934437,-0.13407883,0.061629582,0.13979791,0.09698841
0.12917966,0.4505445,0.58602154,0.8995243,-1.186124,0.5873437,-0.026562195,0.10770327,-0.55110687,-0.6321063,-0.37541726,-0.01774631,0.43533942,-0.15762645,-0.10192448,-0.24457906
0.48271888,-0.63595307,0.5521037,0.20947036,-0.29906622,0.17468753,0.42304894,0.50346863,0.10523391,-0.68373126,0.38985187,-0.10638848,0.33040679,-1.1187533,0.08620878,-0.4289671
0.54239166,-0.1980029,0.02851662,0.9771819,-1.2577994,0.7489432,0.08455464,-0.00035135448,-0.22538461,-0.93735063,0.16379398,-0.55032563,0.2865569,-1.0634974,0.22041425,0.098305136
0.0904603,-0.13645983,0.38274416,0.6893412,-0.7081051,0.8539256,0.18054391,-0.3990869,-0.09207179,-0.46844485,0.024611939,-0.8503526,0.3746885,-0.7607589,0.18033354,-0.5987145
0.45085242,0.082658306,-0.18087657,0.89633137,-1.0925395,0.35316664,-0.17694539,-0.21741343,-0.4322517,-0.87020576,0.06521635,-0.5634622,0.11499259,-1.0835392,0.2379731,-0.37590736
0.5030261,-0.260406,-0.11097169,0.5272255,-0.49902564,0.2966541,-0.32247493,-0.23092553,0.22688209,-0.24259296,0.08242677,-0.91129684,0.7344577,-0.5637436,-0.038751006,0.30590963
0.3777404,0.08594608,0.120902166,0.17465314,-0.5393953,0.79274887,0.09639534,-0.39880782,0.569827,-0.7499445,-0.3319022,-1.2050275,0.68338305,-0.7023572,0.17442262,-0.030193109
0.034533918,-0.03653267,-0.026304234,1.4345424,-0.07828964,-0.7183207,0.24473807,0.51463854,-0.39611983,0.90056086,-0.49877775,-0.020170696,-0.01964536,-0.09100062,0.9682274,0.029525783
0.21552697,0.043615498,0.13525496,0.58551776,-0.15039343,-0.6265904,0.5360874,0.321628,-0.23790023,0.53952503,0.7174108,0.617462,-0.012395933,-0.15392898,0.21374923,0.18265201
0.2070117,-0.22177735,0.5766943,0.84351766,-0.006605476,-0.9648582,0.19223168,0.5372827,-0.14782412,0.5849108,-0.5676063,0.51180655,0.30694294,-0.21123235,0.5517584,-0.2825008
-0.10494973,0.14345539,0.71074456,-0.3531845,0.22741018,1.0501754,0.13173059,0.38360363,-0.80529547,0.0040057423,-0.34351093,0.20321524,0.28663376,-0.090717584,0.72531056,0.15028882
0.36253622,-0.11024908,0.95631945,0.28051776,0.4933457,-0.4996956,0.7083501,0.6261022,-0.48320985,0.54327035,-0.05103911,0.30867183,0.16768858,-0.245671,0.09796488,0.11056297
0.56171924,0.15121582,0.85030377,0.4404608,1.0826993,-0.030890524,-1.094834,0.1566879,-0.11842833,0.1823818,0.19797894,-0.35781124,0.73059285,0.4191506,0.03925869,0.17063577
0.32155043,-0.33912432,0.22110847,0.37058967,0.40724826,-0.531325,0.50070626,-0.012087094,0.19652767,0.58744454,0.66946185,-0.08831062,-0.05931449,-0.091141135,0.09437767,-0.078037
0.029625393,-0.8066332,0.22922002,-0.42195356,-0.12983195,0.47766888,-0.26138398,0.23727348,-0.5625977,0.08128281,0.21678767,-0.32048786,-0.30668005,0.08523753,0.33170515,-0.6187845
0.29823577,-0.4265659,0.919013,0.47646776,0.61811304,-0.5432721,0.37972382,-0.027234226,-0.35162765,0.49363652,-0.019636424,-0.48093694,-0.22826996,-0.3569424,0.15088183,-0.030331539
0.37845877,0.2692526,0.5755759,0.6390019,0.46814176,-0.33591318,0.1665562,0.3673014,-0.34141162,0.6490794,-0.5363436,-0.13916078,0.17897026,-0.22203216,0.07396832,0.08028682
0.33953378,-0.23236617,0.14719245,0.016486198,0.41166183,-0.25096124,-0.27441588,-0.5708663,-0.60047895,0.7247288,-0.47731,0.07390278,0.038867034,0.1362961,0.48597136,0.24784987
0.5888047,-0.09499085,0.27719864,-0.062615275,0.95537335,-0.3849123,0.06406729,-0.27604002,-0.41065866,0.02525106,0.19847755,0.8793445,1.2156199,0.1462237,-0.9219334,0.6467979
0.73447514,-0.16035339,0.106933415,-0.5046635,0.4872873,-0.118971564,-0.08027127,-0.47012,0.2736506,-0.046128966,0.25153744,0.95877236,0.67905354,-0.5101325,-0.3330304,0.1197611
0.6509603,0.1338014,0.6768626,-0.2126846,1.3320606,0.03786962,0.15509467,-0.835961,-0.09326285,-0.068413734,-0.27825645,0.4933611,0.99730295,-0.18403496,-0.16489747,-0.04248756
0.4624431,0.6911513,0.610523,-0.18774849,1.2187338,0.06110786,0.43162408,-0.4423059,-0.12722512,0.004860632,0.04529718,0.0949319,0.7782625,0.40082428,0.4773498,-0.15963526
-0.52955854,1.322561,0.3154315,-0.3084238,0.7523742,0.23800114,0.64402634,-0.2710918,-0.5563322,-0.7819667,0.34847653,0.16857788,-0.007496685,-0.4692565,-0.059917986,-0.7109817
0.5163805,0.19211249,0.4285995,0.292666,1.1545999,-0.49424708,0.3682558,-0.28997403,-0.09548217,0.12377678,-0.52167463,0.08993815,0.4375864,0.3646015,0.15748459,-0.050348308
0.67878085,0.14396098,0.70992637,0.24103904,0.6584268,-0.2559973,0.40546638,-0.1070606,-0.33170384,0.403318,-0.33080292,0.026031341,0.5246042,0.662563,0.29300636,0.15751383
0.628155,0.17274773,0.6257327,0.362608,1.091481,-0.2661305,-0.5609673,-0.021232583,-0.1036773,0.27270517,-0.38387093,-0.0285381,0.65305686,0.23117697,-0.3810795,-0.28141916
0.9078905,0.12954451,0.5764647,0.53171784,0.85280865,0.12092322,-0.60968804,0.55990356,-0.22052293,0.39403424,0.09880434,0.21454965,1.0957333,0.22602305,-0.68559754,0.09473099
0.062563896,0.015687063,-0.5675519,1.2533767,0.098309994,-0.36777735,0.0762849,1.0280762,-0.20631602,0.76429427,0.083406284,0.22004834,-0.09219557,-0.47635597,0.2853809,-0.24890396
0.088379666,0.0032302765,-0.5092846,-0.1866249,-0.031053305,-0.08441337,0.55607456,-0.23696533,0.51306415,-0.35201627,-0.6499524,-1.0273771,0.5141265,0.10139722,0.08143894,-0.12067865
0.51668763,-0.8615115,0.059819847,-0.14460981,0.120443374,-0.3853064,-0.7760187,-0.22416413,0.24057598,0.30110472,0.046881285,0.07291405,0.56976473,0.7258399,0.07592431,-0.8006433
0.51122326,0.26830834,0.7128366,0.49277654,0.9195021,-0.45914513,0.0107884705,0.064865276,-0.23048206,0.36907458,0.2436843,-0.08985233,0.6478479,0.30103678,0.039855067,-0.04385866
0.09725418,-0.9872548,-0.45654547,-0.09558171,-0.29740638,0.5999534,-0.20476057,0.69850343,-0.59313637,0.5283614,0.22736447,0.37173122,-0.08253741,0.12472064,1.0311488,-0.12259245
-0.39087087,-0.90133816,-0.48281452,-0.28577763,0.0924625,0.9887201,0.16183132,0.91655296,-0.9987709,0.3179329,-0.22059706,0.70443296,-0.055414695,-0.12655348,0.7962398,0.02428868
0.13035215,-0.5782571,-0.1833474,-0.3450327,0.15528764,0.926809,0.093948334,0.51076114,-0.9947034,0.26050127,-0.35354972,0.4162793,0.04457671,-0.22081591,0.62057453,-0.04615376
-1.4656615,0.23969895,-0.4925083,-0.1868084,0.3016671,0.18645507,-0.053567845,1.0042512,-0.052111834,0.43311828,0.37632543,0.6234075,0.5863068,-0.7394006,0.39527717,-0.28515673
-1.6177894,0.35180864,-0.87506384,-0.023997106,0.32360998,-0.11138302,0.015067525,1.0257521,0.35166818,0.28966638,0.19456765,0.45374674,0.12926377,-0.67165965,0.4967009,-0.00033557415
-0.5430396,-0.11267702,-1.1014906,0.2099748,-1.3569546,-0.26640594,-1.8104769,-0.6457815,-0.050404206,-0.47161835,1.0385251,1.5181456,0.0026483517,0.16985753,0.052686423,-0.21424533
0.40724033,-0.24662143,-0.44207704,0.2549558,-1.178844,0.773092,0.34095472,-0.34533215,-0.3143229,-0.71503174,0.0058575775,-0.5264203,0.055751696,-0.8996327,-0.54134166,0.2758589
0.65859836,-0.18752192,0.18617062,1.0119615,-1.300296,1.0556026,0.1592868,-0.50956696,-0.16584381,-0.93028325,0.027968146,-1.0271425,0.5706043,-1.0833474,0.17837337,0.026518099
0.65151906,-0.32718766,0.28823155,0.5992298,-0.8504108,0.64307696,0.3244522,-0.005680695,-0.0987812,-0.97316396,0.35605103,-0.45838422,0.109069556,-1.2102963,0.05699224,-0.01868435
0.09741974,0.17731307,0.56476295,0.45315787,0.62561953,-0.27603018,1.0804578,-0.0029011369,-0.40052956,0.23480327,-0.5608433,0.19287956,0.5338089,0.16564256,-0.7525747,0.0747557
0.41816303,0.059768714,0.1328898,0.61063814,-1.1453062,0.33968276,-0.17822525,-0.03442286,-0.7308596,-1.1763712,-0.24350996,-0.43308732,0.09500968,-0.7831466,-0.4504392,-0.08586805
0.57519615,0.026991606,-0.07580009,0.97456485,-1.0676153,0.21944034,0.062007166,-0.06363381,-0.51859176,-1.2463626,0.1203552,-0.69490236,0.13683686,-0.67363375,-0.04312586,0.098702885
0.3940652,-0.36758512,0.18150744,0.3079165,-0.96395564,0.21071792,0.022501092,0.11164768,-0.40178895,-0.7284366,0.43030012,-0.1674413,0.036739394,-0.65336984,-0.055391047,-0.09951576
-0.85129374,0.20502421,0.17566124,-0.16671643,0.0666411,-0.05785802,-0.28817573,-0.32588863,0.9667635,-0.17772572,0.51027405,-0.17845412,0.5262959,0.30731574,0.18381779,0.48189372
-0.9126862,0.08739636,-0.20154683,-0.72419107,0.12051432,-0.10789388,-0.22748215,0.080638096,1.2631674,-0.10405721,0.023997054,-1.1637716,0.9540291,0.3451603,0.6732796,-0.03254943
-0.97378117,0.6521889,0.8473863,-0.04053649,-0.9268534,-0.1229939,-0.39933848,0.47277278,-0.026892632,-0.13223912,0.63759637,0.37150872,0.17640814,-0.3063939,-0.24060068,0.7223346
-0.71334946,0.089920856,-0.041073233,-0.41274244,-0.31092227,0.3055671,0.65571296,0.10799913,0.5705621,-0.3167581,-0.7772775,-0.89292836,0.965202,0.66553456,0.5493524,-0.28134626
-0.7327709,0.40071934,-0.37078142,-0.2887916,-0.10375852,-0.24078125,0.32970855,0.4184989,-0.59568334,0.08363707,1.0598172,0.74871343,-0.3546478,0.12723379,-0.62452227,-0.51203376
-0.192134,-0.56195605,0.15160245,-0.8853175,0.035926178,1.0386368,0.49831334,0.10106811,-0.4973898,-0.24703366,0.061183184,-0.05552558,-0.17821729,0.49276435,0.29598674,-0.30460012
0.021898866,0.16565248,-0.6723905,-0.43649098,-0.035847366,-0.25113449,0.034738243,-0.09947716,0.65210193,-0.2769165,-0.39302373,-0.91323096,0.62714446,-0.13320872,-0.13813943,-0.009035999
-1.0891359,0.39736274,-0.51179624,-0.5686457,0.3391043,-0.48550943,0.05119166,0.52805084,1.253868,0.044210993,-0.09905117,-0.42958146,0.6656476,-0.19812098,0.3928419,-0.24789917
-1.099317,-0.08718029,-0.49024618,-0.22893462,0.4837902,-0.46568865,0.09475353,0.59498745,1.0451918,0.2545391,0.14313516,0.066177934,0.5604426,-0.19387874,0.3963283,-0.035495304
-1.251665,-0.09444812,0.36509582,-0.033828378,0.18592653,0.7428812,-0.08471506,-0.3150066,0.8369292,0.2572039,0.5836664,0.19837978,0.74679977,0.5969865,0.4325412,0.11150503
-1.5731704,0.5290507,-0.2335662,-0.081604294,-0.18971783,-0.37805495,0.37467715,0.845721,0.49564353,0.4298267,0.29014695,0.36442715,0.28536084,-0.45569375,0.50742656,0.22406355
-1.1512235,0.51205826,-0.12186227,-0.40325296,-0.6310215,0.41620743,-0.37241822,0.63784987,0.032344937,-0.112485826,0.111914046,0.80573046,0.09035925,-0.9877329,0.072596356,-0.7005318
-0.5968468,0.915056,0.7554755,-0.39962068,-0.27478838,0.10260418,0.38092017,0.1690627,-0.8168432,-0.25695834,0.23822649,-0.41404408,0.07139759,-0.046117455,-0.071761966,-0.042090073
-0.8151358,0.287549,-1.0625585,-0.38857457,0.49598718,-0.5442374,-0.18122742,0.45221144,1.23964,0.01719404,0.33031195,-1.1369511,0.69992185,-0.29792413,0.3068761,0.066207826
-0.5019333,0.20670336,-0.4269017,0.03310223,-0.40378928,-0.104439005,-0.39349014,-0.11654673,1.0477571,-0.76677346,-0.23564005,-1.3823962,0.5147012,-0.29015633,-0.12763882,0.11321717
0.64418834,-0.60960186,-0.07287345,-0.82088697,-0.33485186,0.32866237,0.0036929986,0.1530377,-0.12065086,0.56121325,-0.35671088,0.1377861,0.058732897,0.26710552,0.506659,-0.27316526
-1.3367431,-0.0022249385,-0.3841409,-0.51183194,0.12681371,0.9243809,-0.15892626,0.87428665,-0.904913,0.16883442,-0.2846247,-0.023734212,-0.050004363,-0.21646413,0.2777136,0.15657067
0.33416912,-0.014671862,0.048255738,-0.09266429,-0.52566206,0.21334203,0.04530526,-0.7535226,0.7117776,-0.26220676,-0.7891282,-1.4201367,0.7884379,0.017711222,0.21194363,-0.14022577
-1.1847193,0.81490105,0.3044695,-0.16474524,-0.5550424,0.11079498,0.040727027,0.3826136,-0.47648543,0.27213827,-0.15235916,0.5905786,0.23364781,-0.0589945,0.16720128,-0.45686966
-0.9065689,-0.2828857,-0.18460645,-0.4294147,0.40521726,0.73296565,-0.40440226,0.9380832,-0.9988098,-0.028401375,0.0040854216,0.41823018,-0.24102637,-0.292692,0.46735,-0.5340123
-0.37096488,-0.23023422,0.363175,-0.08594062,-0.22930737,-0.13670167,0.4557694,0.10161766,0.45454758,-0.15676716,0.09967396,-0.7681891,0.4730891,1.1461589,0.08563241,-0.10559532
-0.6785855,-0.34568882,0.2325294,-0.81690216,0.2904787,0.71428,-0.13670355,0.44116262,-0.9569628,0.22068506,0.09284722,-0.079758726,-0.27559435,0.70755637,0.1338091,-0.14332134
0.06317592,0.33902493,-0.6423745,-0.16930379,0.44149327,-0.07128519,0.28222525,-0.4381221,0.719566,-0.5137177,0.35542393,-1.0310358,0.5944298,-0.069188446,0.15536241,-0.26179072
-0.13930061,0.9756962,-0.7318148,-0.1931813,-0.27344155,0.23708345,0.65888476,-0.5591724,-0.6210535,0.10261978,0.52138263,0.2088029,-1.1274552,0.066405684,-0.047472786,0.2573465
-0.46509263,-0.20279706,0.20154345,-1.0609142,0.5598163,0.53547853,-0.0676123,0.2071873,-1.2963746,-0.1830538,-0.37231266,-0.47749996,-0.16139255,-0.24331959,-0.21456909,0.22526535
0.40305495,0.024421304,-1.2955095,0.29850414,0.19739765,-0.1843114,0.08197835,0.6426794,0.2181791,0.07922943,0.4330048,-0.6119718,0.80572486,0.04386665,-1.2591076,0.08884299
0.23450854,0.11076827,-0.88086116,0.33590662,0.34488326,0.045926362,-0.6428733,0.63142836,-0.082633406,0.48282334,0.103135504,-0.7218721,0.39926484,-0.3039361,-0.6747028,-0.47596645
-0.38733596,-0.03962314,-0.73277843,-0.2332243,0.24687049,-0.28403112,-0.36122245,-0.024728544,0.555531,-0.12019218,-0.27178878,-1.4120357,0.15162823,-0.4979498,-0.15725145,0.037573684
-0.09412792,-0.11191024,-1.3646169,-0.10568234,0.6380033,-0.45356068,-0.020715166,0.4515217,0.22647338,-0.11889068,0.059312224,-1.0416214,0.42341644,-0.0073438436,-0.81757194,0.11521696
-0.18359359,-0.2840256,-0.014096711,0.1290166,-0.4203782,0.3118864,-0.21009916,-0.16489238,0.5458762,-0.1707232,-0.20103765,-1.2543277,0.9496114,-0.21360031,0.31149003,-0.10335452
0.22396228,-0.7160702,-0.6902913,0.3474951,0.15092647,0.28622016,-0.0748251,0.21373883,0.21639036,0.15046147,0.348801,0.5226368,1.0021585,0.3950391,-1.8030027,-0.0063235015
-0.26562825,-0.44263235,0.3394343,-0.15188715,-0.04891126,0.4380916,-0.2740076,-0.02900745,-0.21990478,0.6078185,0.6095944,0.1772994,0.19046487,0.50403124,0.26031515,1.0107917
-0.9400615,-0.12204282,-0.38614643,-0.075122856,0.47955787,0.28256088,-0.24876527,0.90279186,-0.50545526,-0.08582369,0.5489594,-0.3230998,-0.293475,-0.6610266,0.64653593,-0.4500818
-0.32395443,0.28195605,-0.15946603,-0.2759289,0.22841461,-0.050968602,0.05332394,-0.29645866,0.9374788,-0.19447236,-0.22894473,-1.0043175,0.9595297,0.12859918,0.43892077,0.119813316
-0.8856159,0.32227,0.5469651,-0.04647027,0.061020583,0.009741947,-0.0047982167,-0.06374125,0.23099357,0.116542086,1.0424497,-0.067710064,0.34052676,0.3323172,0.47940287,0.26131865
-0.7046793,0.6552311,-0.18875483,-0.44639805,-0.46252388,0.0916578,-0.12816358,-0.15589017,0.3744764,-0.15621655,1.2925296,0.3625126,0.35452187,-0.15998292,0.04317239,1.0470047
0.031229615,0.1379847,0.5076468,0.5308655,0.57816607,-0.81327426,-0.70665044,0.34706745,-0.60292566,0.048372746,-0.5666713,-0.18608597,-0.19632286,0.35019487,-0.02474004,0.08861621
-0.4533307,-0.28211352,-0.88681304,0.11430697,0.70880246,-0.24496768,0.50665945,0.5184059,0.20732357,-0.082261,-0.69323516,-0.90007234,0.19694784,0.15775144,-0.14183208,0.045189407
-0.1279843,-0.3529724,-0.2590957,0.47932667,-0.03630979,-0.06565075,-0.39538988,0.39032823,0.0729838,0.0759595,0.099347845,0.5692372,0.61062276,0.052048996,-1.2265942,-0.22973402
0.44275564,-0.17771007,0.053285986,-0.26454768,0.4155314,0.2339823,0.067777745,0.6579081,0.24765378,0.0873051,0.034788936,-0.33599025,0.77036023,0.9697084,-0.1303581,0.35717544
0.21261439,-0.30365112,-0.72962886,0.07806105,0.36606228,-0.06122669,0.14538854,0.4452623,0.50254995,-0.27309796,0.36642796,-0.5012859,0.45064458,0.56679624,-1.1069794,-0.43253088
-0.36548007,1.0944371,-0.2733963,-0.47736096,0.48000324,-0.16044386,0.8532825,0.86441994,1.1720529,-0.2555621,0.29098052,0.5791836,0.09049246,0.04281785,-0.8865681,-1.4194893
-0.6659736,0.43404153,0.267594,-0.16297996,0.071569204,-0.7192718,0.31075594,-0.21282919,0.40581298,-0.087653235,-0.22506791,0.7770921,-0.15710562,0.40021688,0.19554467,-0.1422635
-0.9158896,1.1435361,1.3740698,-0.06435285,0.19206285,0.25957963,-0.29922178,0.59309274,-0.15317264,0.2742409,-0.43609008,0.070642084,-0.3369752,-0.032037906,0.0012555514,-0.06758864
0.21660537,0.15261768,-0.145882,-0.30005863,-0.008724257,-0.0047126412,-0.6514947,-0.54276156,0.67475945,-0.5109452,-0.05553782,-1.1300473,1.0057907,-0.049445756,0.310772,-0.13377349
-0.33238786,0.26693392,0.10022186,0.36991626,-0.76236624,0.011093497,-0.2010872,-0.33242887,0.20430511,-0.2572269,-0.7414092,0.12685934,0.41096947,0.6407156,0.58343095,-0.48343164
-0.5588139,0.17337188,0.64044714,0.4358853,-0.18764651,0.6867603,0.27316394,-0.57089055,0.025872424,0.21784857,-0.59377575,-0.33402556,-0.014083654,0.8829439,0.9590871,-0.10300607
-0.3102103,-0.028192606,0.30041614,0.43904853,-0.7801028,0.7238985,0.45040265,-0.03412476,0.08510413,0.37379125,-0.22846484,-0.009295031,0.22426412,0.6277549,0.7218635,-0.8661745
-0.09015646,0.112862594,0.3706996,0.072487146,-0.8044908,0.49753818,0.62582254,-0.38006747,0.39687967,-0.2678507,-0.06777114,-0.32232466,0.9243609,0.6572167,0.17666608,-0.48298395
-0.025120175,-1.3183274,0.801597,0.3240049,-0.7658091,0.46295655,0.2577979,0.35731822,0.68652445,-0.92448163,0.7358745,-0.17468612,0.57921565,0.58663917,-0.55630237,-0.56327385
0.3976622,-0.0133550465,0.15860468,0.13077787,-0.26066452,0.07881755,0.58247423,-0.7055868,0.36473942,-0.42988467,0.71521556,-0.763486,0.70941424,-0.30527025,0.09158384,0.21154813
0.06428498,-0.16968244,-0.21113826,-0.4780737,-0.463403,-0.1554145,-0.60062134,0.24361822,-0.26241168,0.44852313,0.7169824,-0.95401675,-0.46125653,0.39155722,-0.14400157,0.48411417
-0.1855172,-0.7671964,-0.8441691,0.60381675,-0.16972019,0.45242912,0.09259054,1.1293354,-0.5119109,0.638548,-0.1176927,0.644145,0.13467221,-0.37855402,1.0279816,-0.0058627874
-0.21279807,-1.0462162,-0.11260578,-0.86000484,0.090359405,0.85159665,-0.13627505,0.4357157,-0.90968966,0.07191648,-0.21348332,0.2969565,-0.10838652,0.38649958,0.45634264,-0.21593389
0.104469225,-0.63581246,-0.5673112,0.67175716,-0.38082206,0.068701096,0.34109804,0.7625357,-0.47731024,0.60734,0.26758572,0.658098,0.09534663,-0.21971911,1.2689135,-0.263915
0.26047355,-0.13393456,-1.062115,0.56250656,0.42513293,-0.051569723,0.039384604,0.8814415,-0.07331391,0.22979994,0.285358,-0.21651125,0.6989289,0.006644398,-1.3716534,-0.093975455
0.14423308,-0.3757934,-0.42587525,-0.19998573,0.35532004,-0.2241534,0.052024048,0.4268981,0.08619101,0.17586815,-0.43761402,0.027702346,0.90354425,0.7471248,-1.4461349,-0.0056788027
-0.049464837,-0.6409074,-0.34492996,-0.0131679475,-0.08257532,0.16294731,-0.0480334,-0.09315996,0.23721336,0.16421577,-0.20274222,0.76737565,0.80618256,0.5774425,-1.5606438,0.2906397
-0.1401094,0.20436232,-0.84423393,-0.07924995,0.41197294,-0.33116767,-0.2336779,0.36305565,0.31240165,0.3452056,-0.427657,-1.0792747,0.61216176,-0.09244413,-0.2811649,0.4422451
-0.421629,-0.024724886,0.3031174,0.41870368,-0.25979775,0.056907058,0.75932795,0.39426363,0.46181545,-0.09255898,0.74195236,0.11615028,0.4306889,-0.35498676,-0.024436386,0.71070075
-0.93359965,0.23744977,0.12678382,-0.4578445,-0.6653993,0.31633317,-0.18447985,0.26714945,-1.0277553,-0.29946828,0.52720106,0.31631485,-0.31669527,0.101366684,-0.38468814,-0.068387665
0.046828076,-0.09152456,-0.03436178,0.5541911,0.0851956,-0.118305296,-0.4714587,0.38985735,0.07359962,0.035883907,-0.17585805,0.29143295,0.28366047,0.27239737,-1.2403564,0.38951272
-0.18026157,0.022389159,-1.4489188,-0.20821,0.4975787,-0.41635907,-0.09990085,0.13514313,0.6199779,0.058035493,-0.13100609,-1.2125317,0.5010734,-0.6349645,-0.088167705,0.11345399
-0.006475121,0.33656532,0.588511,0.49188483,0.889321,-0.47358766,0.22505122,-0.4173098,0.18188582,-0.28966424,0.028319437,0.04653225,0.19147451,0.9096355,-0.10556254,-0.19041751
0.7149191,0.668829,0.50460124,0.010486923,1.056979,-0.08021249,0.024726335,-0.38784927,-0.5419625,0.2659236,-0.40443924,-0.0009536892,0.7948039,0.45953643,0.19987743,0.59707046
0.5007443,0.13390547,0.9472071,0.29342484,0.8725897,-0.1570422,0.042645514,-0.17013507,-0.49591172,0.04475815,0.17126116,0.2736584,0.86295205,0.9621297,-0.12618558,0.04403312
0.4855595,0.084241845,0.66211504,0.3606395,1.059338,-0.08770107,-0.5585395,-0.26043546,-0.01940918,0.08487546,0.26174915,0.47965723,0.9748874,0.3760723,-0.56845677,0.41295838
0.50971013,-0.19956852,0.36005595,0.09246084,0.7590401,0.0039713085,0.05061297,-0.0519017,-0.44756067,-0.17449287,-0.29133752,0.6844325,0.87847555,0.051391006,-1.015046,0.700545
0.52087635,-0.35485876,1.057803,0.62668025,0.7932231,-0.43653095,-0.19050618,0.07549138,-0.09596981,0.5547292,-0.21145649,0.059339434,0.54359293,0.105477884,0.17205678,0.009296484
0.31913933,-0.069913834,0.4473371,0.6270845,0.38407856,-0.797049,-0.079420924,0.32230276,-0.65048206,0.8014977,0.37477994,-0.6165695,0.23927665,0.032281503,0.07398275,0.06340687
0.5536821,-0.13255346,-0.13177584,1.179179,0.7050238,-0.8345697,-0.5687885,0.92820466,-0.18953782,0.64245975,0.19247338,0.14364155,0.39075047,-0.20931807,-0.0094718635,-0.79245555
0.13701499,-0.39570153,-0.22655094,1.0823736,0.22384746,-0.37527356,0.11875509,1.0794722,-0.3357945,0.9628135,-0.008545034,-0.11046321,0.49086338,-0.5777453,0.22503251,0.19544823
-0.4328503,0.17157483,-1.6149662,0.29422387,0.5557381,-0.5426996,0.29262245,0.88137984,0.2770905,0.3683729,-0.06692805,-0.7837369,0.61171305,-0.3869322,-0.2758754,0.028468827
-0.52791417,0.43138793,0.68257785,-0.89924115,-0.20726196,0.05473807,0.10356825,0.4143386,-0.7558391,-0.27429238,-0.6208582,0.17975326,-0.01091636,-0.20877233,-0.1257363,-0.44638506
-0.5236171,0.79807967,0.9316232,0.36353165,-1.325555,0.20048043,0.14407444,0.10946241,-0.41672868,-0.62700844,0.3910227,0.16354492,0.3332374,0.25684398,-0.0045187473,0.44260508
-0.25976554,0.17414355,0.58457243,0.34987855,-1.1216456,0.51155394,0.77022594,0.58122444,0.111346304,-0.2782317,-0.066228546,0.22675718,0.35260823,-0.11165503,-0.014576212,0.13799131
0.27407855,0.15819244,0.82767946,0.21636,0.16808078,-0.2681508,0.74713814,0.62887275,0.08391841,0.48074368,-0.618163,0.0036131889,0.39432368,-0.09988782,0.21481112,0.71111476
-0.37681958,0.16473247,-1.4334829,-0.04534407,0.34986567,-0.33042508,-0.20899856,0.54122955,0.29899883,0.009481639,0.055061363,-0.7843779,0.24879646,-0.49134088,-0.6387309,0.26672322
-0.728568,1.1188356,0.33861893,0.009651743,-0.63817036,0.02073332,-0.0300624,-0.08299065,-0.94884855,-0.54358834,0.49714133,0.4702872,0.009225171,0.09403959,-0.28412637,-0.5394983
0.84165466,-0.31111962,-0.20532908,0.712242,0.52044713,-0.26373896,-0.33863556,0.1590775,-0.13514689,0.43674445,-0.14547612,0.58344036,0.70745933,0.5258037,-1.4377291,-0.06636952
-0.7864547,0.992262,0.49251455,-0.9942484,0.046245724,-0.08012908,-0.31987888,0.16966447,-1.2678224,0.11966658,0.05189684,-0.5165618,-0.33899778,0.17530906,-0.5261875,-0.83804846
-0.4713443,0.3354381,0.35670596,-0.89248395,0.256437,0.59082824,-0.040008098,0.15321903,-0.93129146,-0.3722174,0.09424388,0.2346223,-0.0698269,0.073529065,0.026039697,-0.16273727
0.39681387,-0.8296278,-0.0879765,0.12662825,0.29234114,-0.015863305,0.026476603,-0.19909038,-0.2432706,-0.053725436,-0.45221892,0.8724188,0.8354103,0.6898051,-1.4717602,-0.016325133
0.43053728,-0.28960443,-0.6754844,0.63497066,0.17926864,-0.31903285,-0.45662957,1.3482112,-0.4824423,0.4821602,-0.3776545,-0.17734489,0.9121398,-0.073941156,-0.48079482,0.06269306
-0.6985251,-0.352721,-0.7688372,0.010017961,0.3679195,0.5196362,-0.018793404,1.0794551,-0.5668684,0.07771292,-0.21183608,0.24920528,-0.040895633,-0.44022128,0.3012039,-0.47603396
0.6489927,-0.3491619,-0.20150475,0.60324186,0.2852316,-0.025499776,-0.2151014,0.6746535,-0.17716545,0.47338486,0.30563453,0.15265194,0.6934909,0.7607925,-1.1278993,-0.25275922
-0.6462082,0.333364,-0.8278285,0.40250328,0.5795273,-0.8072934,-0.24731639,1.1612253,0.30533287,-0.01221779,-0.16190583,0.08083578,0.15330842,-1.1712117,0.35295805,0.3807793
-0.6742216,0.43134215,-0.7446354,0.9686903,-0.079208605,0.117716506,-0.061752573,1.061424,-0.4167652,0.5617554,0.118878976,0.53712094,0.4089021,-0.7723244,0.3456109,0.09781616
-0.04178022,-0.096772805,-0.88255024,0.37993783,0.6226412,-0.18158153,0.07337685,1.2047788,-0.11618595,0.24354815,0.030947525,-0.015475392,0.60932857,-0.59174645,-0.34272823,0.24940851
0.21135797,-0.24949919,-0.8176311,0.066947445,0.30518913,-0.11543867,-0.70552087,-0.23254862,-0.34672475,0.159982,0.037309118,1.078252,0.60368687,0.24447486,-0.9842367,-0.1825193
-0.90008384,0.22563444,-0.12782177,-0.7172679,0.44357866,0.7494733,-0.47804278,0.6854128,-0.80943996,0.18786886,-0.28083983,0.1769034,-0.017585963,-0.2601036,0.19395806,-0.17142011
0.9948061,-0.5197376,-0.71728116,0.29027277,0.27230233,-0.22542658,-0.092362985,0.7275277,0.08831372,0.052973196,0.55302465,-0.19631249,0.6161962,0.7718312,-0.96889114,-0.092614755
0.43829897,-0.45496798,-0.6050262,0.41070417,0.17131431,-0.1776633,-0.076230764,0.39253712,-0.27173838,0.35713822,-0.11298441,0.28370893,0.7726203,0.44610748,-1.5782869,-0.027358301
-0.20185365,0.12867036,-0.36913013,0.465948,-0.03656906,-0.12547918,-0.20753838,1.0667512,-0.08779456,0.41800553,0.08459637,-0.08023597,0.30136386,-0.40978137,-0.4640917,0.2033473
-0.621575,0.34779534,-1.0585933,0.38825345,0.42859632,-0.31227624,-0.14359105,0.39896142,0.22845457,-0.095523596,-0.6827561,-1.2441008,0.20064518,0.05563967,-0.5788212,0.4797075
0.09340754,-0.09998015,-1.5045801,0.62115985,0.56196636,-0.37895435,-0.19434234,1.1605747,0.14517672,0.48193458,0.0314769,-0.42231655,0.8045005,-0.12314889,-1.198473,-0.17294839
-0.14766435,-0.06319069,-1.4106201,-0.19589119,0.7411491,-0.49272692,-0.29325783,0.453071,0.3784333,0.34334338,-0.27078637,-1.240751,0.4547452,-0.3288067,-0.18228725,-0.25299165
-0.14628214,0.10125042,-0.6634911,0.9199619,0.06983112,-0.07442123,0.14082861,1.0961382,0.025472727,0.35462236,0.14446272,0.62626684,0.17154628,-0.87979496,-0.03725399,-0.08325307
-0.9607706,0.5789268,-0.29688433,-0.70153755,0.3165485,0.3513416,-0.48897982,0.30161923,-0.8582821,0.1329402,-0.08353974,-0.10372564,-0.020974666,-0.1606943,0.12674686,-0.41941375
-0.07465334,-0.74161154,-0.43180573,-0.63342315,0.39954257,0.5346578,0.3711057,0.40538037,-0.64535505,0.3344305,-0.43764874,0.24397898,0.026561854,0.039296076,0.45899552,-0.23020124
-0.15299198,-0.52650607,0.6498665,-0.7771525,0.37012857,0.753779,-0.33414125,0.28802866,-0.81516635,-0.28166926,0.40579715,-0.39996502,0.08508234,-0.13824153,0.38825908,0.1067368
-0.12764102,-1.0049766,0.11291319,-1.2784755,0.18951356,0.84428066,-0.16743997,0.38157675,-0.99500346,0.36368406,-0.037798885,-0.3467077,-0.024984295,0.35275957,0.2576191,0.13572174
-0.031132475,0.51354533,0.71482646,1.0298365,-1.6087772,0.68099296,0.24208301,0.17706946,-0.573738,-0.7680006,0.06316541,0.099015765,0.5010058,0.11652699,-0.19188172,-0.27186906
0.15360214,-0.050812654,0.48637983,0.75417846,-1.1324908,0.55479425,-0.28839904,-0.2109929,-0.2847112,-0.6271262,-0.29941013,-0.031694785,0.5670925,-0.06635242,0.11830304,-0.17360653
0.2668954,-0.286159,0.38445848,0.027626991,-0.7307216,0.5605906,0.066922605,-0.42648137,0.04863324,-0.71479,-0.56843483,-0.483022,0.8332549,0.30720517,0.025536567,0.31916454
-0.1098791,0.1639663,0.073446244,0.10325007,-0.38626203,0.49824488,-0.09085433,-0.5698668,0.3640293,-0.23772949,-0.1888925,-0.38088727,0.5458559,0.3728286,0.101788536,-0.8299602
-0.13355495,0.0072846375,0.7285128,-0.2664985,-0.3100086,0.4529087,0.09301321,-0.3726151,0.40543562,-0.485896,0.45068157,-0.96564996,0.869381,0.7885763,0.2342225,0.43497315
-0.79912734,0.11710812,0.45552284,-0.4140117,-0.11049491,0.107105896,0.109487504,-0.02026156,1.2939532,-0.22775322,-0.08182357,-0.80420786,1.114424,1.0200893,0.68925583,0.5535507
-0.12570411,0.4508196,-0.3552584,-0.104166955,0.201123,0.030330991,0.49120408,0.019896,0.8167442,-0.24502715,-0.3021515,-1.6724684,0.7878605,0.03688523,0.34801072,-0.12174545
-1.0887893,0.22519614,0.35350809,-0.38191876,-0.03672085,-0.26928437,-0.11458355,0.38178682,1.0836151,-0.17546679,-0.37864032,-0.20279855,0.6875067,0.33020094,0.40734446,0.35092074
-1.58168,0.41605532,0.32166007,-0.4872215,0.03599823,-0.33575284,0.17285572,0.39839944,1.2806665,0.30019647,0.19483697,0.2729386,0.43987072,0.31097835,0.65756094,0.11721443
-1.6397644,0.5480954,0.08995245,-0.37525755,-0.37321472,-0.5073897,-0.36289284,0.55926406,1.0284986,0.008612633,-0.12140244,0.5788379,0.33293003,-0.23892397,0.6359638,-0.3875992
-1.1822908,0.6829462,0.30116996,-0.4310634,-0.3157681,-0.34925446,-0.21455003,0.6926285,0.14223841,-0.17835309,0.234478,0.22709826,0.07694415,0.30490226,0.10486091,0.07414077
-1.3753164,0.84276706,0.2631922,-0.25383332,-0.6098324,-0.16805387,-0.092849016,0.624348,-0.076665245,-0.076350756,-0.2313635,0.6572459,-0.06013836,-0.033693954,0.10040372,-0.09283783
-0.8901275,0.63606167,-0.16889971,-0.09044446,-0.89480424,-0.14557078,0.20186055,0.3634388,-0.38761938,0.09484291,-0.20253249,-0.09128639,0.2431443,0.64678144,-0.104603134,-0.56932735
-0.08594255,0.072998784,-0.34926456,-0.14961722,-0.29700503,-0.19748029,0.5675433,-0.37066364,0.9757079,-0.29048896,-0.36269122,-1.22586,0.51086193,-0.10748747,0.21036059,-1.0565431
0.0040881336,-0.45702192,-0.16341764,-0.8530483,-0.07190761,0.5240263,-0.12933034,0.3937778,-0.5644905,-0.18715607,0.57130706,-0.21239144,0.147385,0.7901646,0.1567631,-0.109277144
-0.50308347,0.56377333,0.24659255,-0.8824073,0.34314528,0.20768876,0.09811194,0.38073814,-1.309448,0.17667511,-0.17566586,-0.63451385,-0.11039768,-0.3919107,-0.3132396,-0.31354737
0.39085203,-1.1944742,0.02658575,-0.8960415,-0.12699279,0.39256513,0.33594474,0.18470082,-0.82367676,0.43868616,-0.16347173,0.34847522,-0.085678734,0.2255784,0.4815789,-0.17084488
0.4839715,-1.0425229,-1.4674191,-0.65880257,0.6618693,-0.43874297,0.78517145,0.36770907,0.4781896,0.6960047,-0.22223352,-0.21307194,0.90960836,0.06682164,0.6812135,0.32896796
0.36150938,-1.066565,0.23717453,-0.65432394,-0.038560748,0.5525958,-0.40458897,0.0040001124,-0.36643142,-0.06862834,-0.14878584,0.39308152,0.23771526,0.38957202,0.5979422,-0.27470088
-0.25841928,-0.7947925,-0.05265984,-0.524118,0.34819692,0.8096024,0.039994698,0.44478986,-1.000012,0.13501903,-0.24292752,0.15779479,-0.019488677,0.14247233,0.49938357,0.5659731
0.52417207,-0.7408547,0.28166825,-0.74566436,-0.07212144,0.48808897,0.57825524,-0.05079077,-0.5084754,0.22465792,-0.3238884,0.08198255,-0.15025347,0.19826941,0.42428702,0.07794363
-0.10576177,-0.766391,-0.46862304,-0.75336456,0.30867946,0.74421376,0.0682421,0.03249021,-0.0892981,0.09716436,0.050275348,-0.240573,0.021160103,0.33440924,-0.0940367,0.65200645
-0.8633142,0.47113574,0.22292408,0.13783668,-0.5342809,-0.1488801,-0.3840006,-0.17015965,-0.30952045,-0.24875432,0.398587,0.40145367,0.35804272,-0.79867065,-0.3014748,-0.031905774
-0.7516504,1.0163406,0.6525347,0.30140972,-0.92122126,-0.08375759,0.1533121,0.48593706,-0.40775138,-0.19534224,0.2405361,0.43202886,-0.26855806,0.20360647,-0.35798526,-0.45670098
-0.8069938,0.873524,0.37358475,-0.06640001,-0.027747989,-0.103215694,-0.09158655,0.16053453,-0.8964907,-0.60060143,0.4757601,0.69998324,-0.12979783,0.48564017,-0.040711142,-0.21062934
-0.399088,0.45200673,0.3869009,0.3283912,-0.08733243,0.30687296,-0.39136165,-0.6122809,0.55136764,0.028406367,1.1963823,-0.5877613,0.83391017,0.52171534,0.35233843,-0.839083
-0.38381785,0.3246875,0.6574175,-0.17890516,-0.3993409,0.4318515,-0.34382272,-0.0707664,0.880856,-0.21854992,0.42775673,-0.8901143,1.0432854,1.0164697,0.2031386,-0.30154347
